Name,Neighborhood,Cuisine,Address,Phone,Price Level,Listing Description,Highlights,Owner / Chef,Year Opened,Website,Instagram,Hours,Status,Review Flag,Google Maps Link,Research Notes,Sources
ACRE Kitchen and Bar,Rockridge,Mediterranean/Californian,"5655 College Ave, Oakland, CA",510-250-3790,$$,"ACRE Kitchen and Bar fills the two-level space inside Rockridge Market Hall that was long home to Oliveto. Chef-owner Dirk Tolsma and managing partner Pete Sittnick opened it in late 2022 with a menu of Californian and Mediterranean cooking touched by North African and Middle Eastern flavors. Downstairs, a relaxed bar and cafe serves an all-day menu; upstairs, a brighter dining room filled with art looks out over College Avenue. Regulars come for the honey-glazed rotisserie chicken, a brisket burger on a house-baked bun, whole roasted branzino and seasonal plates built on Northern California produce. Weekday lunch, weekend brunch, a daily happy hour and dinner service make it an easy stop at almost any hour.",Rotisserie chicken; brisket burger on house-baked bun; whole roasted branzino; Dungeness crab salad; pull-apart rolls with Aleppo butter; daily happy hour,Dirk Tolsma (chef-owner); Pete Sittnick (managing partner/co-owner),2022,https://www.acrekitchenandbar.com/,@acrekitchenandbar,"Lunch Mon-Fri 11:30am-2pm; Brunch Sat-Sun 11:30am-2pm; Midday daily 2-5pm; Dinner Sun-Thu 5-8:30pm, Fri-Sat 5-9pm; Happy hour daily 4-6pm (per official site, Sept 2026)",Open,,https://www.google.com/maps/place/?q=place_id:ChIJ_QwrLpt9hYARha_hGZB4bhc,"Opening year inferred: SFGate covered the opening after Oliveto closed that April, and Diablo's March 2023 review says it opened 'just before the new year', i.e. late 2022. Occupies the former Oliveto space in Market Hall. Menu description on the official site now calls it 'California Rustic'. Yelp listing still active and updated Sept 2026.",https://www.acrekitchenandbar.com/; https://www.sfgate.com/food/article/Mediterranean-spot-Acre-Restaurant-inches-closure-17657413.php; https://www.diablomag.com/food-drink/food-news/restaurant-review-acre-kitchen-and-bar/article_b09fbe32-c870-11ed-955c-078c7812b0c7.html; https://www.yelp.com/biz/acre-kitchen-and-bar-oakland-3
Almond and Oak,Grand Lake,Brunch/Dinner,"3311 Grand Ave, Oakland, CA",510-250-9550,$$,"Almond and Oak is a neighborhood restaurant on Grand Avenue run by chef Rico Rivera, an Oakland native who graduated from Skyline High School, trained at the Culinary Institute of America in Hyde Park, and learned farm-driven cooking at the Lark Creek Inn. He opened the restaurant in December 2018 around scratch cooking and locally sourced ingredients. The seasonal New American menu might include a grilled New York strip with creamy greens, steak tartare, fried sweet corn polenta or roasted kabocha squash with figs and hazelnuts. Weekend brunch brings beignets and cornbread to the table. A full bar, indoor and outdoor seating, reservations and private events round out a place that feels rooted in the city its chef grew up in.",Grilled NY strip; steak tartare; fried sweet corn polenta; roasted kabocha squash; brunch beignets and cornbread; full bar,Rico Rivera (chef/owner),2018,https://almondandoak.com/,@almondandoakland,Tue-Fri 5-9pm dinner; Sat brunch 10am-2pm and dinner 5-9pm; Sun brunch 10am-2pm; closed Mon (per official site),Open,,https://www.google.com/maps/place/?q=place_id:ChIJVVVldkOHj4ARUaWSLVGS6AY,Official site describes opening as December 2018. No closure notices found; Yelp listing updated July 2026.,https://almondandoak.com/; https://www.yelp.com/biz/almond-and-oak-oakland-2; https://www.opentable.com/r/almond-and-oak-oakland-1
Aloha Club,Fruitvale,Cocktail Bar,"952 Fruitvale Ave, Oakland, CA",510-534-1495,$$,"Aloha Club is a family-run Fruitvale bar that describes itself as roughly a century old, making it one of the neighborhood's longest-running watering holes. It keeps an old-school feel, with a jukebox, a pool table and games on the screens, but it also mixes scratch cocktails alongside craft, import and domestic beers and a broad spirits shelf that leans into tequila and mezcal. A garden patio out back is a draw on warm evenings. Food comes from partners: In Nena's Kitchen serves Cambodian beef noodle soup, rice plates and egg rolls, and the La Grana taco truck turns out quesabirria, fish tacos and aguachile. Weekday happy hour runs until 7pm, and the space hosts birthdays, viewing parties and fundraisers.",Scratch cocktails; garden patio; jukebox and pool table; tequila and mezcal selection; food from In Nena's Kitchen and La Grana taco truck; weekday happy hour,Family-run (owner names not published),,https://www.alohacluboakland.com/,@alohacluboakland,Tue-Wed 3-10pm; Thu 3pm-midnight; Fri 3pm-2am; Sat noon-2am; Sun noon-10pm; closed Mon (per official site),Open,,https://www.google.com/maps/place/?q=place_id:ChIJ4xSYavOGj4ARqNxVhuv3Aeg,"This is a bar, not a restaurant; food is from partner vendors (In Nena's Kitchen, La Grana Fish Taco Truck), which may change. Site calls it a '100-year-old' family establishment; exact founding year and owner names not found. Facebook page name is 'longestbarandcoldestbeer'. Resident Advisor also lists it as an event/club venue.",https://www.alohacluboakland.com/; https://www.yelp.com/biz/aloha-club-oakland; https://localwiki.org/oakland/Aloha_Club; https://ra.co/clubs/158475
Aman Cafe,Piedmont Ave area,Malaysian Cafe,"4021 Broadway, Oakland, CA",510-922-8749,$$,"Aman Cafe is a daytime cafe on Broadway built around Malaysian roti canai, the flaky, buttery flatbread served with curries and dipping sauces. Owner Tiyo Shibabaw opened it in 2021 after running Teni East, a Burmese restaurant next door, from 2016. She came up through the Burma Superstar group, and her cooking brings together Southeast Asian technique, her Ethiopian heritage and a California sensibility. Alongside roti plates filled with curried chicken or vegetables, the menu offers rice bowls such as ginger chili chicken and tofu-potato, garlic noodles with tofu, smoothies and house drinks like ginger-turmeric lemonade. The cafe serves breakfast and lunch every day, offers takeout and online ordering, and caters events.",Roti canai with curry; comfort chicken roti; ginger chili chicken rice bowl; garlic noodles with tofu; ginger-turmeric lemonade,Tiyo Shibabaw (owner),2021,https://amancafeoakland.com/,@amancafeoakland,Mon-Fri 10:30am-3:30pm; Sat-Sun 9:30am-3pm (per official site),Open,,https://www.google.com/maps/place/?q=place_id:ChIJ68miF7Z9hYARb0eNAVkP2SE,Directory lists it under Piedmont Ave area; address 4021 Broadway (94611) is near the Broadway/Piedmont Ave corridor. Owner info from Midbrow (May 2024); official site does not name the owner. Teni East status not checked.,https://amancafeoakland.com/; https://midbrow.org/rich_roti/; https://www.yelp.com/biz/aman-cafe-oakland; https://order.toasttab.com/online/aman-cafe-oakland-4021-broadway
Bardo Lounge & Supper Club,Grand Lake/Lakeshore,Supper Club/American,"3343 Lakeshore Ave, Oakland, CA",510-836-8737,$$$,"Bardo Lounge & Supper Club brings a 1960s supper-club spirit to Lakeshore Avenue, in the space once home to Michel Bistro. Owners Seth and Jenni Bregman opened it in 2018 with a lounge of cozy alcoves and a more traditional upstairs dining room, all dressed in throwback style. The kitchen revisits retro dishes such as porcupine meatballs and broccolini casserole with modern touches, and a Dinner Party Menu lets the kitchen choose for the table. Cocktails are central, from house-made tinctures and cream soda to shareable punch bowls, with several non-alcoholic options. Bardo appears in the Michelin Guide and is a longtime date-night favorite. Every seat, including at the bar, is by reservation.",Porcupine meatballs; broccolini casserole; Dinner Party Menu; cocktail punch bowls; house-made cream soda; non-alcoholic cocktails,Seth and Jenni Bregman (owners); opening chefs Anthony Salguero and Brian Starkey (2018; may have changed),2018,https://www.bardooakland.com/,@bardo_oakland,Mon-Thu 5-10pm; Fri-Sat 5-11pm; closed Sun (per Michelin Guide); official site says Monday through Saturday,Open,,https://www.google.com/maps/place/?q=place_id:ChIJmW1h9DGHj4AR7sMd7nNZKLU,"Michelin Guide listed (American, $$), no star/Bib found. Reservations required for all seating including bar and lounge (official site). Chef names are from 2018 opening coverage; current chef not confirmed. Tripadvisor places it in Trestle Glen; official site says Grand Lake District.",https://www.bardooakland.com/; https://guide.michelin.com/us/en/california/oakland/restaurant/bardo-lounge; https://www.berkeleyside.org/2018/10/19/bardo-lounge-supper-club-oakland-date-night-spot; https://www.yelp.com/biz/bardo-lounge-and-supper-club-oakland
Battambang,Chinatown,Cambodian,"850 Broadway, Oakland, CA",510-839-8815,$$,"Battambang has served Cambodian home cooking in Oakland's Chinatown since 1993, and it is one of the few places in the Bay Area devoted to the cuisine. Named for Cambodia's second-largest city, the modest, unfussy dining room puts its attention on the food. Longtime favorites include amok trei, catfish curry steamed in banana leaf; sach chrouk aing, grilled lemongrass pork with a lime and fish sauce dip; prahok ktiss, a minced pork dip served with fresh vegetables; tamarind-sauced Battambang noodles; and sour lemongrass soup. Smoked eggplant, crab fried rice and papaya salad also appear on the menu, with a jackfruit and coconut custard for dessert. Lunch and dinner run Monday through Saturday, with takeout and delivery.",Amok trei (catfish curry in banana leaf); sach chrouk aing (grilled lemongrass pork); prahok ktiss; Battambang noodles; sour lemongrass soup; jackfruit custard,,1993,https://battambangoakland.weebly.com/,,Mon-Sat 11am-8pm; closed Sun (per official site),Open,,https://www.google.com/maps/place/?q=place_id:ChIJUUbm-7aAj4ARMT7b8FRMSbM,"Owner/chef name not found. Dish list drawn from Hungry Onion forum posts (2018-May 2026), not an official menu; verify against current menu. Visit Oakland listing misspells it 'Bataambang'. No Instagram found. Yelp listing updated Aug 2026; no closure evidence.",https://battambangoakland.weebly.com/; https://www.hungryonion.org/t/oakland-battambang-restaurant-cambodian-eats/13640; https://www.yelp.com/biz/battambang-oakland; https://www.visitoakland.com/listing/bataambang-restaurant/1267/
Bellanico Restaurant and Wine Bar,Glenview,Italian,"4238 Park Blvd, Oakland, CA",510-336-1180,$$,"Bellanico Restaurant and Wine Bar is a Glenview neighborhood spot from chef-owner Chris Shepherd, who first opened Aperto in San Francisco's Potrero Hill. The name blends his daughters' nicknames, Bella and Nico. The kitchen cooks rustic Italian food with seasonal California ingredients and makes its own cured meats, fresh pasta and bread every day. Dinner can mean house pastas, grilled meats or a prix fixe menu, and brunch runs Friday through Sunday. The wine list, overseen by wine director Elizabeth Frumusa, leans toward Old World and Italian bottles, with more than 20 wines by the glass and bottles for retail sale. Ombra Hour, the house take on Italian happy hour, fills the early evening Wednesday through Sunday.","House-made pasta, bread and cured meats; grilled meats; prix fixe dinner; Friday-Sunday brunch; Ombra Hour Italian happy hour; 20+ wines by the glass",Chris Shepherd (chef/owner); Elizabeth Frumusa (wine director),,https://bellanico.net/,,"Brunch Fri-Sun 10:30am-2:30pm; Dinner Wed, Thu, Sun 5-8:30pm and Fri-Sat 5-9pm; Ombra Hour Wed-Sun 5-6pm (per official site)",Open,,https://www.google.com/maps/place/?q=place_id:ChIJk4oZvwmHj4ARoZWIh60EWM0,"Opening year not confirmed (widely believed to be the mid-2000s, but no source retrieved). Instagram handle not found on site. The about page's 'their daughters' phrasing suggests a couple co-owns; only Chris Shepherd is named. Hours imply closed Mon-Tue.",https://bellanico.net/; https://bellanico.net/about.html; https://www.visitoakland.com/listing/bellanico-restaurant-&-wine-bar/920/; https://www.yelp.com/biz/bellanico-restaurant-and-wine-bar-oakland-2
Belotti Bottega,Piedmont Ave,Italian/Pasta,"4001 Piedmont Ave, Oakland, CA",510-350-7619,$$,"Belotti Bottega is the casual Piedmont Avenue pasta shop from chef Michele Belotti, the Bergamo-born cook behind Belotti Ristorante e Bottega in Rockridge. It opened in 2017 in the former Gregoire space as a simpler way to bring his fresh pasta into the neighborhood. The counter sells fresh, frozen and prepared pastas to eat in or take home, along with ready-made sauces, bread, cookies and imported Italian pantry goods such as olive oil and salt. It suits a quick bowl of pasta at lunch or a stop for dinner supplies on the way home, and pickup and delivery ordering are available online.",Fresh and frozen house-made pasta; prepared pasta dishes; ready-made sauces; bread and cookies; imported Italian pantry goods; takeout and delivery,Michele Belotti (chef/owner) with Joyce Belotti,2017,https://belottirb.com/bottega,,,Open,Open status based only on active Yelp/delivery listings; hours not found,https://www.google.com/maps/place/?q=place_id:ChIJdymEevd9hYARliPUdG2KT1o,"Address on Yelp is 4001B Piedmont Ave. Opening year inferred: Hoodline (Aug 2017) said it would open in 4-6 weeks; planned hours then were 11am-8pm Mon-Sat, but current hours were not confirmed. Shares the belottirb.com site with the Rockridge restaurant. Status inferred as open from active Yelp (updated Sept 2026), Toast and DoorDash listings; no closure notice found, but no first-party current hours were seen.",https://hoodline.com/2017/8/belotti-ristorante-expands-to-piedmont-ave/; https://www.yelp.com/biz/belotti-bottega-oakland; https://order.toasttab.com/online/belotti-bottega; https://belottirb.com/bottega
Belotti Ristorante E Bottega,Rockridge,Italian,"5403 College Ave, Oakland, CA",510-788-7890,$$,"Belotti Ristorante e Bottega is a small, welcoming Italian restaurant on College Avenue run by chef Michele Belotti and Joyce Belotti. Born and raised in Albino, near Bergamo, Michele trained in Michelin-starred kitchens in Lombardy and Piemonte, moved to California in 2011 and cooked at San Francisco's Ristobar before opening his own place in Rockridge around 2016. The menu focuses on simple, traditional Piemontese cooking and house-made pasta, such as heirloom-grain spaghettini with tomato and burrata, brasato over polenta with a nebbiolo reduction, and tortino, a spinach flan with egg yolk and truffle. The bar draws a loyal crowd of regulars. The restaurant is listed in the Michelin Guide and takes reservations through Resy.",House-made pasta; spaghettini with tomato and burrata; brasato with polenta and nebbiolo; tortino spinach flan with truffle; panna cotta,Michele Belotti (chef/owner); Joyce Belotti (co-owner),2016,https://belottirb.com/,,Mon-Sat 11am-10pm; closed Sun (per Michelin Guide),Open,,https://www.google.com/maps/place/?q=place_id:ChIJtTVZ_-h9hYARC2dBu4ziR3o,Opening year approximate: Berkeleyside reviewed it in July 2016 as a new restaurant; exact date not confirmed. Michelin Guide listed (no star or Bib Gourmand). Sister shop Belotti Bottega on Piedmont Ave (#8). Instagram not confirmed.,https://belottirb.com/bio; https://guide.michelin.com/us/en/california/oakland/restaurant/belotti-ristorante-e-bottega; https://www.berkeleyside.org/2016/07/27/oaklands-belotti-ristorante-already-a-shining-star; https://resy.com/cities/san-francisco-ca/venues/belotti-ristorante-e-bottega
Bird & Buffalo,Temescal,Thai Street Food,"4659 Telegraph Ave, Oakland, CA",510-338-3536,$$,"Bird & Buffalo serves what its founder calls Thai soul food: the simple, rustic dishes that farm families in the Thai countryside cook for themselves. Todd Sirimongkolvit, also behind Soi 4 in Rockridge and Basil Canteen in San Francisco, opened it on Telegraph Avenue in January 2018 in the former Rosamunde Sausage Grill space. The name recalls the birds that ride on water buffalo in rice paddies. Bright plastic tablecloths and an easygoing pace echo a roadside eatery, while the menu leans toward the Northeast, with grilled meats, green papaya somtum in Thai or Lao style, larb, street-stand curries, khao soi noodles and mango sticky rice. It serves lunch and dinner Tuesday through Sunday and is listed in the Michelin Guide.",Isan-style grilled meats; green papaya somtum (Thai or Lao style); khao soi; larb; street-style curries; mango sticky rice,"Todd Sirimongkolvit (owner; also Soi 4, Basil Canteen)",2018,https://birdandbuffalo.net/,@birdandbuffalothai,"Tue-Sun lunch 11:30am-2pm, dinner 5-10pm; closed Mon (per official site)",Open,,https://www.google.com/maps/place/?q=place_id:ChIJtctXJuJ9hYAREWUOFSTDLEg,"East Bay Express (Jan 2018) printed the address as 4695 Telegraph, likely a typo; current listings say 4659 Telegraph. Opened as fast-casual per 2018 coverage; current service style not confirmed. Listed in the 2026 Michelin Guide (no Bib/star noted).",https://birdandbuffalo.net/; https://eastbayexpress.com/bird-buffalo-to-bring-thai-soul-food-to-north-oakland-2-1/; https://guide.michelin.com/us/en/california/oakland/restaurant/bird-buffalo; https://www.yelp.com/biz/bird-and-buffalo-oakland
Bistro 4293,Piedmont Ave,Mediterranean,"4293 Piedmont Ave, Oakland, CA",510-775-5039,$$,"Bistro 4293 brings Azerbaijani and wider Caucasus cooking to Piedmont Avenue, a cuisine shaped by Persian, Central Asian and Middle Eastern traditions. Owner Anar Usubov grew up in Khojaly, Azerbaijan, left his hometown during the 1992 conflict and came to the United States in 2015. After years of searching for the flavors he grew up with, he decided to cook them himself, and the restaurant is the result. The menu features classics such as khan plov, a celebratory rice dish, lyulya kebab of seasoned ground meat, and dolma, grape leaves stuffed with meat. Named for its street address, the bistro serves lunch and dinner Tuesday through Sunday and offers reservations through OpenTable.",Khan plov; lyulya kebab; meat dolma in grape leaves; Azerbaijani and Caucasus cuisine,Anar Usubov (owner),,https://bistro4293.com/,@bistro_4293,Tue-Sun 11:30am-2:30pm and 5-9pm; closed Mon (per official site),Open,Azerbaijani (list said Mediterranean),https://www.google.com/maps/place/?q=place_id:ChIJIz9jNAB9hYARrQ_QBWJZDfA,"CUISINE CONFLICT: the directory lists it as Mediterranean and Yelp categorizes it as Mediterranean, but the official site describes it as Azerbaijani/Caucasus cuisine; the description follows the official site, so consider updating the cuisine tag. Opening year unclear: site content suggests around 2025, which is unverified. No press coverage found.",https://bistro4293.com/; https://bistro4293.com/about/; https://www.yelp.com/biz/bistro-4293-oakland; https://www.opentable.com/r/bistro-4293-oakland
Bombera,Dimond,Mexican,"3459 Champion St, Oakland, CA",510-452-5900,$$,"Bombera occupies a former fire station in the Dimond District, and its name, Spanish for firewoman, nods to both the building and the wood fire at the center of its kitchen. Chef-owner Dominica Rice-Cisneros ran Cosecha in Swan's Market for a decade before opening Bombera in April 2021. Her cooking pairs a locavore, fine-dining background with respect for generations-old Mexican technique. Ash from the wood-fired oven is used to nixtamalize corn for house-made masa and tortillas, and dishes such as duck leg confit with nutty mole verde, black beans and blue corn tortillas show the approach. Bombera holds a Bib Gourmand in the 2026 Michelin Guide, and the San Francisco Chronicle has named it the Bay Area's best Mexican restaurant.",House-nixtamalized masa and blue corn tortillas; duck leg confit with mole verde; wood-fired cooking; cocktails,Dominica Rice-Cisneros (chef/owner; formerly of Cosecha),2021,https://www.bomberaoakland.com/,,Mon and Wed-Sat 5-9pm; closed Tue and Sun (per Michelin Guide),Open,,https://www.google.com/maps/place/?q=place_id:ChIJg2VOVxOHj4AR8tUZ3QcYn3A,Michelin Bib Gourmand (2026 guide). Rice-Cisneros was a 2019 James Beard Best Chef: West nominee (per Wikipedia). SF Chronicle headline calls it 'the Bay Area's best Mexican restaurant' (article not retrievable; date unconfirmed). Official About page returned an error (429). Instagram handle not confirmed. Reservations on Resy.,https://guide.michelin.com/us/en/california/oakland/restaurant/bombera; https://en.wikipedia.org/wiki/Dominica_Rice-Cisneros; https://www.sfchronicle.com/food/restaurants/article/bombera-mexican-restaurant-oakland-19875378.php; https://resy.com/cities/oakland-ca/venues/bombera
Brotzeit Lokal,Jack London/Waterfront,German,"1000 Embarcadero, Oakland, CA",510-645-1905,$$,"Brotzeit Lokal is a German beer garden on the Oakland Estuary, opened in 2013 by Krista Bailey, a former college professor, and Tony Granieri, an architectural designer. The pair wanted a family-friendly place to gather outdoors, and they converted a former seafood restaurant into a waterfront biergarten with picnic tables overlooking the water and a guest dock. The kitchen makes its own sausages, including smoked frankfurters, and serves them with fresh pretzels, wiener schnitzel and seasonal specials, along with a strong list of German beers. Weekend brunch, a happy hour, a deli menu and a dog-friendly patio keep it busy, and seasonal celebrations such as Oktoberfest carry the spirit of gemutlichkeit, or community and togetherness.",House-made sausages and smoked frankfurters; fresh pretzels; wiener schnitzel; German beers; weekend brunch; dog-friendly waterfront patio; Oktoberfest,Krista Bailey and Tony Granieri (co-owners),2013,https://brotzeitbiergarten.com/,@brotzeitlokal,Mon-Thu 11am-9pm; Fri 11am-9:30pm; Sat 10:30am-9:30pm; Sun 10:30am-9pm (per official site),Open,,https://www.google.com/maps/place/?q=place_id:ChIJ6TOJJyaHj4ARR5WoSytkThY,"Hours on the official site differ slightly from those in SFGate's earlier article (Mon-Fri 11:30am-9pm, Sat-Sun 10am-9pm); use the official site. Near Brooklyn Basin; the neighborhood could be labeled Embarcadero/Brooklyn Basin rather than Jack London.",https://brotzeitbiergarten.com/; https://www.sfgate.com/food/article/brotzeit-lokal-german-restaurant-17413526.php; https://www.yelp.com/biz/brotzeit-lokal-oakland-2; https://www.opentable.com/r/brotzeit-lokal-oakland
Burma Superstar,Temescal,Burmese,"4721 Telegraph Ave, Oakland, CA",510-652-2900,$$,"Burma Superstar brings the flavors of Myanmar to Temescal, where it has been a Telegraph Avenue fixture for well over a decade. The restaurant family began in San Francisco's Richmond District in 1992 under founder Desmond Tan and later grew to Oakland and Alameda. The Oakland dining room is lively and open, with long booths suited to groups. The menu draws on Burma's neighbors in India, China and Thailand. The fermented tea leaf salad is the best-known dish, and platha, samosa soup, coconut curries, noodles and a good range of vegetarian and vegan options fill out the menu. It serves lunch on weekdays and dinner nightly, and takeout is available.",Tea leaf salad; samosa soup; platha; coconut curries; fried yellow bean tofu,Founded by Desmond Tan (Burma Superstar restaurant family / Burma Inc.),1992 (original SF location); Oakland location c. 2009 per The Infatuation (unconfirmed),https://burmasuperstar.co/,,"Lunch Mon-Fri 11:30am-2:30pm; dinner Mon-Thu 5-9:30pm, Fri 5-10pm; Sat 11:30am-10pm; Sun 11:30am-9:30pm (per OpenTable)",Open,,https://www.google.com/maps/place/?q=place_id:ChIJZ9aqnQF9hYARCXtNyXl-e6I,"Oakland opening year unconfirmed: The Infatuation (2022) says 'since 2009'; LocalWiki cites 2014 East Bay Express and Oakland Magazine readers' poll awards. Reservations conflict: Infatuation (Jan 2022) said no reservations, but OpenTable now takes bookings. Official location page URL returned 404 during research. SF Chronicle reported a separate Burma Superstar takeout spot in Oakland with a DoorDash investment (c. 2020), which is a different project from 4721 Telegraph. Instagram handle not verified.",https://www.opentable.com/r/burma-superstar-oakland; https://www.theinfatuation.com/san-francisco/reviews/burma-superstar-oakland; https://localwiki.org/oakland/Burma_Superstar; https://www.forbes.com/sites/chelseadavis/2019/10/23/the-bay-area-legacy-of-the-burma-superstar-restaurant-family/; https://burmasuperstar.co/
Cambodian Street Food,San Antonio/Fruitvale,Cambodian,"2045 Foothill Blvd, Oakland, CA",510-842-3134,$$,"Cambodian Street Food is a small family-run kitchen on Foothill Boulevard at 21st Avenue that cooks Khmer dishes to order. The setup is casual and mostly takeout. People come from all over Oakland for its low prices and home-style cooking. Regulars order the grilled beef and chicken skewers over rice, salt-and-pepper dry-fried pork ribs with garlic and jalapeño, and banh xeo, the turmeric-yellow crepe served with fresh herbs and house fish sauce. Lemongrass-heavy kreung stir-fries and soups, larb and egg rolls round out the menu. Every dish is cooked fresh, so a wait is normal, and calling ahead helps.",Grilled beef/chicken skewers over rice; dry-fried ribs; banh xeo; chicken cha kreung; beef larb,Family-owned (owner names not confirmed),,,,Mon & Wed-Sat 11am-7pm; Sun 11am-5pm; closed Tue (per Restaurantji aggregator; verify),Open,Open status based only on a mid-2026 Yelp listing; owner unknown,https://www.google.com/maps/place/?q=place_id:ChIJ-Qd6yeKHj4ARQEnpSmvDOHc,"Oaklandside profiled the family behind it (Dec 2020, 'Family bonds are at the heart of Cambodian Street Food') but the article could not be fetched, so the owners' names and opening year are unconfirmed. No official website found, only a Facebook page (facebook.com/p/Cambodian-Street-Food-100039954355832/). The Yelp listing was updated July 2026, which suggests it is operating. Hours come from an aggregator.",https://oaklandside.org/2020/12/03/family-bonds-are-at-the-heart-of-cambodian-street-food/; https://510foodie.com/cambodian-street-food-on-an-avenue-in-east-oakland/; https://www.restaurantji.com/ca/oakland/cambodian-street-food-/; https://www.facebook.com/p/Cambodian-Street-Food-100039954355832/
Cholita Linda,Temescal,Latin/Cuban,"4923 Telegraph Ave, Oakland, CA",510-369-1851,$,"Cholita Linda is run by Vanessa Chavez, who grew up in Oakland, and her husband Murat Sozeri. It started as a stand at the Jack London Square farmers market in 2008 and opened its Temescal restaurant on Telegraph Avenue in 2014. The cooking is eclectic Latin, shaped by Chavez's Peruvian grandmother and her travels. The fried fish tacos made it famous, and they sit alongside carne asada, carnitas and spit-roasted chicken tacos on handmade tortillas, a Cubano sandwich and fresh aguas frescas. The space is bright, with tropical plants and music, and there is a hidden courtyard out back. It is open daily for dine-in, online ordering and catering.",Fried fish tacos; Cubano sandwich; carne asada and carnitas tacos; handmade tortillas; aguas frescas,Vanessa Chavez and Murat Sozeri (co-owners),2014 (brick-and-mortar); farmers market stand since 2008,https://www.cholitalinda.com/,@cholita_linda,Daily 11am-10pm (per official site),Open,,https://www.google.com/maps/place/?q=place_id:ChIJne47puF9hYAROjRhE5BlvAQ,Multi-location brand (also has Alameda and SF Ferry Building locations); this entry is the original Temescal location at 4923 Telegraph. San Francisco Magazine named its fish tacos the Bay Area's best in 2014.,https://www.berkeleyside.org/2014/08/21/cholita-linda-oakland; https://www.cholitalinda.com/locations/oakland/; https://eastbayexpress.com/cholita-linda-to-bring-fish-tacos-and-eclectic-latin-to-temescal-1/
Crogan's Montclair,Montclair,American Pub,"6101 La Salle Ave, Oakland, CA",510-339-2098,$$,"Crogan's Montclair is a long-running neighborhood pub and restaurant in the middle of Montclair Village. Families, sports fans and groups of friends all end up in its roomy dining room and bar. The menu is classic American pub food made with fresh ingredients. Fish and chips is the signature dish, and braised short ribs, crab sandwiches, buffalo wings and blackened ahi also appear. A full bar pours traditional and modern cocktails, and big-screen TVs show the games. Crogan's serves lunch and dinner daily. It hosts birthday parties, rehearsal dinners and corporate events, and takeout and delivery are available through several ordering platforms.",Fish and chips; braised short ribs; crab sandwich; buffalo wings; blackened ahi; full cocktail bar,"Anne Gattis (owner, per KQED Check, Please! listing; date unknown)",,https://crogans.com/,,Mon-Sat 11:30am-9pm; Sun 11:30am-8pm (per official site),Open,,https://www.google.com/maps/place/?q=place_id:ChIJ0Y9-zJqHj4ARTtPoJtiSqZU,"The owner name comes from an older, undated KQED Check, Please! page, and the official site's contact email is addressed to 'mike@', so ownership may have changed. Confirm before publishing. The KQED page also mentions Sunday brunch and 100+ seats, which may be outdated. The official site lists no Instagram, only X/Twitter @crogansoakland and Facebook. Opening year not found.",https://crogans.com/; https://www.kqed.org/checkplease/1372/crogans-montclair-restaurant-info; https://www.visitoakland.com/listing/crogans-montclair/816/
Dan Sung Sa Restaurant,Uptown,Korean Pub Food,"2775 Telegraph Ave, Oakland, CA",510-663-5927,$$,"Dan Sung Sa is a well-loved Korean soju bang (drinking pub) on Telegraph Avenue near Uptown, and it keeps going long after most Oakland kitchens have closed. The room is dark and energetic, covered in vintage movie posters, and it was named after an old Seoul cinema. It works well for big groups sharing plates over soju and beer. The menu is Korean bar food: crispy fried Cornish game hen with salt-and-pepper dipping sauce, galbi, wings, kimchi fried rice and the famously over-the-top loaded fries topped with Korean barbecued pork. It is a sister spot to nearby Kang Tong Degi and a local favorite for late-night eating.",Fried Cornish game hen; loaded 'porno fries'; BBQ galbi; chicken wings; kimchi fried rice; soju,,,http://www.dan-sung-sa.com/,@dan_sung_sa,"Open late, until about 1-2am (verify; sources conflict)",Open,Open status based only on a mid-2026 Yelp listing; owner unknown; closing time conflicts (1am vs 2am),https://www.google.com/maps/place/?q=place_id:ChIJn6VZ9KqAj4ARw-ijNrCVDJk,"Locally nicknamed 'Porno Palace/Porno Bar' after its movie-poster decor. The description avoids the nickname, so the owner can decide whether to use it. Closing time conflicts: Infatuation (2022) says 1am, East Bay Express (2012) says 2am. The official website redirected in a loop and could not be read. Owner and opening year not found (it was already established by 2012). Yelp listing updated June 2026, which suggests it is operating.",https://eastbayexpress.com/the-pub-life-korean-style-1/; https://www.theinfatuation.com/san-francisco/reviews/dan-sung-sa; https://www.instagram.com/dan_sung_sa/; https://www.yelp.com/biz/dan-sung-sa-oakland
Daughter Thai Kitchen,Montclair,Thai,"6118 Medau Pl, Oakland, CA",510-823-2354,,"Daughter Thai Kitchen specializes in southern Thai cooking, which is richer, spicier and more seafood-focused than Bangkok-style fare, and serves it on Medau Place in Montclair Village. It opened around the start of 2017 from Kasem ""Pop"" Saengsawang and Ling Chatterjee, the team behind San Francisco's Farmhouse Kitchen, with partner Kimberly Gamble, whose mother runs Lanna Thai in Livermore. The dining room is warm and homey, with wooden tables, golden temple bells and a family bookshelf. Hat Yai fried chicken, kang kua prawns served in a coconut, and crispy rice salad are among the standouts. It serves lunch and dinner daily and offers reservations, takeout and catering.",Hat Yai fried chicken; kang kua prawns in coconut; nam kao tod crispy rice salad; Run Juan seafood sizzling; curries,"Kasem ""Pop"" Saengsawang and Ling Chatterjee (Farmhouse Kitchen), with partner/chef Kimberly Gamble",c. late 2016 / early 2017,https://daughterthai.com/,@daughterthaikitchen,Mon-Thu 11:30am-2pm & 5-8:30pm; Fri 11:30am-2pm & 5-9pm; Sat 12-3pm & 5-9pm; Sun 12-3pm & 5-8:30pm (per official site / Visit Oakland),Open,,https://www.google.com/maps/place/?q=place_id:ChIJH9g3MYWHj4ARb0r9P0-c__s,"Opening date inferred: Berkeleyside (Aug 2017) said it opened about seven months earlier, and a blog review is dated Jan 23, 2017. It occupies the former Chowhaus / Montclair Bistro space. The official site says it won Food Network's 'Thai Takedown'. This is self-reported and was not independently verified, so it is left out of the description.",https://daughterthai.com/; https://www.berkeleyside.org/2017/08/08/daughter-thai-turns-heat-montclair; https://themonthly.com/restaurantreview1704/; https://www.visitoakland.com/listing/daughter-thai-kitchen/5405/
Daytrip,Temescal,New American,"4316 Telegraph Ave, Oakland, CA",,$$,"Daytrip Counter is the relaxed second act of Daytrip, the Temescal restaurant from husband-and-wife owners Finn Stern and Stella Dennig. The original opened in 2021 and became known for fermented, vegetable-driven cooking and natural wine. Bon Appetit named it one of the country's best new restaurants of 2022, and Stern was a 2024 James Beard semifinalist. The owners closed that format at the end of 2024 and reopened the same space in spring 2025 as a counter-service spot built around rotisserie chicken. Whole brined-and-roasted birds come with bright salads, sides like gigante beans with pesto and Caesar fries, and plenty of dipping sauces. The disco ball is still there.",Whole rotisserie chicken combo meals; cilantro-lime crunch salad; gigante beans with pesto; Caesar fries; house dipping sauces,Finn Stern (chef) and Stella Dennig (co-owners),2021 (Daytrip); reopened as Daytrip Counter May 2025,https://daytripcounter.com/,,"Closes 8pm (per SF Standard, June 2025); full schedule not verified",Open,"Renamed: now ""Daytrip Counter"" (counter-service rotisserie chicken since May 2025) - update listing name",https://www.google.com/maps/place/?q=place_id:ChIJ-wD6IJ59hYARnE36nH7mtxU,"RENAME/CONCEPT CHANGE: the full-service Daytrip closed at the end of 2024 (SF Chronicle). It reopened at the same address (4316 Telegraph) as 'Daytrip Counter', a counter-service rotisserie chicken spot, in late May 2025 (SF Standard, SFGate, SF Chronicle). The listing name should probably change to 'Daytrip Counter'. The website URL comes from SF Standard (the site itself could not be fetched). Instagram not verified.",https://sfstandard.com/2025/06/06/daytrip-counter-opens/; https://www.sfchronicle.com/food/restaurants/article/daytrip-closing-19920298.php; https://www.sfchronicle.com/food/restaurants/article/daytrip-counter-oakland-temescal-20392430.php; https://www.sfgate.com/food/article/best-new-restaurant-america-now-counter-service-20335881.php; https://blog.resy.com/2022/12/daytrip/
Degrees Plato Tap Room,Laurel,Brewpub/Tacos,"4251 MacArthur Blvd, Oakland, CA",510-479-3366,$$,"Degrees Plato is a family-friendly tap room, bottle shop and kitchen on MacArthur Boulevard in the Laurel District. Husband-and-wife owners Richard and Mercedes opened it in May 2017. Richard used to sell beer, and he built the business around one rule: pour only beer from independent brewers. The rotating tap list is joined by seven cooler doors of bottles and cans to drink there or take home, plus wine and cider. The kitchen makes Oakland-style tacos, tortas and snacks from scratch with local and Mexican ingredients. The owners want it to be a neighborhood gathering place, somewhere neighbors can meet over a beer and a plate of tacos.",Rotating independent craft beer taps; bottle and can shop; Oakland-style tacos; tortas; wine and cider,Richard and Mercedes (husband-and-wife owners; surnames not confirmed),"2017 (May 3, 2017)",https://www.degreesplato.com/,@degreesplato_oak,,Open,,https://www.google.com/maps/place/?q=place_id:ChIJ0xNnOj-Gj4ARAcO8zDIakLs,Instagram handle conflicts: the Laurel District Association lists @degreesplato_oak and the official site shows @DegreesPlato. Confirm which is current. Hours not found on the official site. Owners' surnames not published in the sources reviewed.,https://www.degreesplato.com/; https://www.laureldistrictassociation.org/degrees-plato; https://mainstreetlaunch.org/meet-our-clients-degrees-plato/; https://www.berkeleyside.org/2017/09/26/first-look-degrees-plato-oakland
FOB Kitchen,Temescal,Filipino,"5179 Telegraph Ave, Oakland, CA",510-817-4169,$$,"FOB Kitchen serves modern Filipino home cooking in Temescal. Chef Janice Dulce and her wife Brandi started it as a San Francisco pop-up in 2015 and opened the Telegraph Avenue restaurant in late 2018. The small room has whimsical wallpaper and an easygoing island feel, and there is a bar to wait at with a cocktail. The menu is built on family-style Filipino classics: pork adobo, thrice-cooked lechon kawali, sweet-sour sinigang, beef mechado and Janice's slow-roasted ribs glazed with coffee, coconut beer and banana ketchup. Turon and suman are the desserts. The Michelin Guide recognizes it with a Bib Gourmand, and weekends are devoted to brunch.",Janice's ribs; pork adobo; lechon kawali; sinigang; turon; suman; weekend brunch,"Chef/owner Janice Dulce, with co-owner Brandi Dulce","2018 (November, Temescal); pop-up since 2015",https://www.fobkitchen.com/,,Weekends are brunch only (per Michelin); full hours not verified,Open,,https://www.google.com/maps/place/?q=place_id:ChIJuTaKcTx-j4AR_yGldaMRzok,Michelin lists a Bib Gourmand for 2026. It occupies the former Juhu Beach Club space. It is queer- and POC-woman-owned (per its own site title). It takes reservations directly rather than through a booking platform. Hours and Instagram not verified because the official site was rate-limited during research. The Facebook page is facebook.com/fobkitchen.,https://guide.michelin.com/us/en/california/oakland/restaurant/fob-kitchen; https://www.alamedamagazine.com/fob-kitchen-does-impeccable-filipino-food/; https://www.berkeleyside.org/2019/01/18/upscale-modern-filipino-dining-at-fob-kitchen-oakland; https://www.fobkitchen.com/
Gangnam Jajang,Temescal,Korean-Chinese Noodles,"4390 Telegraph Ave Ste B, Oakland, CA",510-891-1335,$$,"Gangnam Jajang is a Korean-Chinese noodle house in the Koryo Village plaza on Telegraph Avenue. It took over the space once held by Koryo Jajang. The noodles are made in-house, and the kitchen says key sauce ingredients arrive from South Korea every week. The namesake jajangmyeon comes in a glossy, savory black bean sauce with pork and vegetables, and jjamppong is its fiery seafood noodle soup. The fried dishes get the most attention, especially kkanpunggi, the crisp fried chicken in a garlicky, spicy sauce, and a honey butter chicken. Rice bowls, fried rice, tteokbokki and dumplings round out the menu. The room is modern, and takeout and delivery are available.",Jajangmyeon; jjamppong; kkanpunggi spicy garlic fried chicken; honey butter chicken; rice bowls; dumplings,,,https://www.gangnamjajang.com/,,Mon-Thu 11am-3pm & 5-9pm; Fri 11am-11:30pm (with afternoon break); Sat 11am-11:30pm; Sun 11am-9pm (per Wanderlog aggregator; verify),Open,Open status based only on a mid-2026 Yelp listing; owner unknown,https://www.google.com/maps/place/?q=place_id:ChIJNbVbI5F9hYARu6Uq-kQh-c4,"It replaced Koryo Jajang at the same plaza. Owner and opening year not found; the Facebook page ID suggests a page created around 2021-2022, but this is unconfirmed. The official site's 'Korean fusion bistro' framing and weekly Korean ingredient shipments are self-reported. Hours come from an aggregator. The Yelp listing was updated June 2026, which suggests it is operating.",https://www.gangnamjajang.com/; https://wanderlog.com/place/details/1527188/gangnam-jajang; https://www.yelp.com/biz/gangnam-jajang-oakland; https://www.facebook.com/p/Gangnam-Jajang-100078068735489/
Ghost Town Brewing - Laurel Biergarten & Kitchen,Laurel,Brewery/Beer Garden,"3506 MacArthur Blvd, Oakland, CA",510-227-6009,,"Ghost Town Brewing's Laurel Biergarten & Kitchen is the second home of the West Oakland brewery known for its heavy-metal, death-themed branding and bold beers. Co-founder Ryan Nosek and team took over the former 4505 Burgers & BBQ space on MacArthur Boulevard in 2021. They turned it into a roomy beer garden with an in-house kitchen and a long tap wall of Ghost Town brews, along with wine and cider. All the beer is still brewed at the original Adeline Street brewery. The Laurel location has become a neighborhood hangout for growlers, food and long afternoons outdoors. Berkeleyside and Oaklandside readers named it the East Bay's best beer garden and taproom in late 2025.",Ghost Town house beers on ~32 taps; growler fills; beer garden seating; in-house kitchen; wine and cider,Ghost Town Brewing (co-founder Ryan Nosek),2021,https://www.ghosttownbrewing.com/,@ghosttownbrewing_laurel,,Open,,https://www.google.com/maps/place/?q=place_id:ChIJZZG8ST2Hj4ARL4gxcHqrZIo,"Opening targeted for February 2021 per Hoodline (Jan 2021); exact opening date not confirmed. The 32-tap figure comes from the 2021 plans. Won the 2025 Nosh Award for best beer garden/taproom (Oaklandside/Berkeleyside, Dec 4, 2025). Current food menu and hours could not be verified: the taproom page returned 404, and the Nosh article was blocked. Brewery is multi-location; this entry is only the 3506 MacArthur Blvd location.",https://hoodline.com/2021/01/ghost-town-brewing-plans-new-laurel-district-tap-room/; https://oaklandside.org/2021/01/13/ghost-town-brewing-to-open-second-location-at-former-4505-burgers-bbq/; https://oaklandside.org/2025/12/04/nosh-awards-best-beer-garden-taproom-ghost-town-laurel/; https://www.instagram.com/ghosttownbrewing_laurel/; https://www.laureldistrictassociation.org/ghost-town-brewing
Grand Lake Kitchen,Grand Lake,American,"576 Grand Ave, Oakland, CA",510-922-9582,$$,"Grand Lake Kitchen is an all-day cafe and full bar on Grand Avenue near Lake Merritt, owned by May Seto Wasem and her husband Dave. It started as a small deli with a counter and a few tables and grew into one of the neighborhood's go-to brunch spots, then expanded to the Dimond District and San Francisco's Noe Valley. May Wasem describes the food as comfort and classics. Brunch runs until 3pm with dishes like chilaquiles and eggs Benedict. Later come the porchetta sandwich with broccoli rabe pesto, Reuben fries, fried green tomatoes, matzoh ball soup and a burger. It offers weekday happy hour, a dog-friendly patio, reservations and catering.",Weekend and daily brunch; chilaquiles; porchetta sandwich; Reuben fries; fried green tomatoes; matzoh ball soup,May Seto Wasem and Dave Wasem (co-owners),,https://www.grandlakekitchen.com/,@grandlakekitchen,Daily 9am-9pm; brunch until 3pm; weekday happy hour 3-6pm; dinner from 5pm (per official site),Open,,https://www.google.com/maps/place/?q=place_id:ChIJw2p00yyHj4ARsb-O2FTlD1Y,"Multi-location: this is the original Lake Merritt/Grand Lake location at 576 Grand Ave. The opening year was not found. Based on the Dimond timeline in East Bay Express, the original probably dates to the early-mid 2010s, but that is unconfirmed.",https://www.grandlakekitchen.com/location/lake-merritt/; https://www.grandlakekitchen.com/about/; https://eastbayexpress.com/grand-lake-kitchen-opens-third-location/
Grand Lake Kitchen - Dimond,Dimond,American,"2042 MacArthur Blvd, Oakland, CA",510-866-2639,$$,"Grand Lake Kitchen's Dimond District location is the bigger sibling of the Lake Merritt original. It is a spacious all-day cafe and full bar on MacArthur Boulevard run by owners May Seto Wasem and Dave Wasem. It opened about five years after the Grand Avenue flagship and has close to 6,000 square feet of dining room and patio. The menu is the same comfort-and-classics style: brunch favorites until 3pm, then sandwiches, salads, soups, burgers and shareable plates like Reuben fries and fried green tomatoes at dinner. It offers weekday happy hour and a dog-friendly patio, and takes reservations for brunch and dinner. It is closed Mondays.",Brunch until 3pm; porchetta sandwich; Reuben fries; burger; weekday happy hour; dog-friendly patio,May Seto Wasem and Dave Wasem (co-owners),"c. 2019 (inferred, unconfirmed)",https://www.grandlakekitchen.com/location/dimond/,@grandlakekitchen,Closed Mon; Tue-Thu 11am-9pm; Fri-Sun 9am-9pm; brunch to 3pm; weekday happy hour 3-6pm (per official site),Open,,https://www.google.com/maps/place/?q=place_id:ChIJh6LAE6CHj4ARAYziuZ85bCs,"The opening year is inferred. East Bay Express (Apr 2026) says it took seven years to become profitable, and the Tripadvisor listing ID also points to around 2019. Confirm with the owner. It shares its Instagram account with the other locations. The ~6,000 sq ft figure comes from East Bay Express.",https://www.grandlakekitchen.com/location/dimond/; https://eastbayexpress.com/grand-lake-kitchen-opens-third-location/; https://www.opentable.com/r/grand-lake-kitchen-dimond-oakland
Gum Kuo,Chinatown,Cantonese,"388 9th St Apt 182, Oakland, CA",510-268-1288,$,"Gum Kuo is a long-running, no-frills Cantonese restaurant on 9th Street in the heart of Oakland's Chinatown. It has been a neighborhood fixture for well over a decade and is best known for comforting everyday staples rather than banquet fare. Bowls of silky rice porridge, some topped with fish, minced beef or abalone, land on nearly every table, alongside wonton noodle soup, beef brisket noodles and steamed rice noodle rolls. A window of roast duck, char siu and roast chicken supplies plates to eat in or boxes to take home, and clay pot dishes round out the menu. Expect a casual, bustling room and quick, straightforward service.","Congee/jook (fish, minced beef, abalone); roast duck; char siu; wonton noodle soup; beef brisket noodles; rice noodle rolls (cheong fun); clay pot dishes",,,,,,Open,"Thin details: owner, opening year and hours not found",https://www.google.com/maps/place/?q=place_id:ChIJE5sbf7aAj4ARFihUVEegUhs,"Open per Yelp listing updated Aug 2026 (no closure flag). Owner/founder and opening year not found; a 2008 food blog already covered it, so it has operated since at least 2008. No official website found; gum-kuo.goto-restaurants.com and gum-kuo.localoria.com are third-party auto-generated sites, not official. Hours not verified (Yelp not fetchable). House of Annie blog implies it is not a dim sum house; do not advertise dim sum. 'Apt 182' in the address is the plaza unit (#182).",https://www.theinfatuation.com/san-francisco/reviews/gum-kuo-restaurant; https://www.houseofannie.com/gum-kuo-restaurant-oakland/; https://www.yelp.com/biz/gum-kuo-restaurant-oakland; https://foursquare.com/v/gum-kuo-restaurant/4b788e20f964a52074d62ee3
Huangcheng Noodle House,Old Oakland/Chinatown (Swan's Market),Chinese Noodles,"911 Washington St, Oakland, CA",702-481-3124,$$,"Huangcheng Noodle House is Jimmy Huang's counter inside historic Swan's Market in Old Oakland, where the draw is hand-shaved noodles in the style of Shanxi province. Huang, a third-generation noodle maker who earlier had a career as a professional acrobat in China, slices ribbons of dough straight into boiling water, giving them chewy, ruffled edges that hold sauce well. The menu covers noodle soups, dry and stir-fried noodles, fried rice, appetizers and vegetarian options, with spicy Chongqing-style street noodles a popular order. It is a casual food-hall setting with communal seating, and in 2024 Huang opened Huang Cheng Potsticker, a handmade dumpling stall just down the hall.",Shanxi knife-shaved noodles; Chongqing-style street noodles (dry); noodle soups; stir-fried noodles; vegetarian options; sister dumpling stall Huang Cheng Potsticker,Jimmy Huang (owner/noodle maker),2021,https://www.huangchengnoodleca.com/,,Wed-Mon 10am-9pm; closed Tuesday (per official site),Open,,https://www.google.com/maps/place/?q=place_id:ChIJF1lFITKBj4ARcL0DuOxaAdE,"Opening year 2021 is based on KQED citing a January 2021 reference; not independently confirmed. Official site lists a 702 area-code phone (702-481-3124), which is unusual for Oakland; verify before publishing. Sister business Huang Cheng Potsticker opened Sept 2024 in the former Dela Curo Curry/B-Dama space at Swan's Market. Instagram not found.",https://www.kqed.org/arts/13966227/huangcheng-potsticker-dumpling-shop-oakland-swans-market; https://www.huangchengnoodleca.com/; https://swansmarket.com/tenant/huangcheng-noodle/; https://www.sfgate.com/food/article/chinese-acrobat-noodle-dumpling-chef-oakland-20820606.php; https://www.cbsnews.com/sanfrancisco/news/huangcheng-oakland-historic-acrobat-career
InNenasKitchen,Fruitvale,Cambodian,"954 Fruitvale Ave, Oakland, CA",,$$,"InNenasKitchen is Oakland native Nena Neak's Cambodian noodle operation, now running as a weekend counter-service residency at the Aloha Club on Fruitvale Avenue. Neak started it in March 2024 as a home kitchen, selling bowls of kathiew, the Cambodian beef noodle soup, from her Fruitvale residence. Its rich broth, built from beef ribs, neck bones, fish sauce and toasted aromatics like star anise, ginger and onion, drew such crowds that she had to move out, first to a warehouse and then, in 2026, to the Aloha Club. The family-run crew also serves shrimp rolls and pig-ear sausage, and bowls often sell out, so arriving early is wise.",Kathiew (Cambodian beef noodle soup); shrimp rolls; pig-ear sausage,Nena Neak (chef/owner),2024,,@innenaskitchen,Weekends only (exact hours not confirmed; check Instagram),Open,"Weekend residency inside Aloha Club, not standalone; address 952 vs 954 Fruitvale conflicts",https://www.google.com/maps/place/?q=place_id:ChIJDYXtQQCHj4AR7OKMEjEKCqc,"ADDRESS DISCREPANCY: SF Chronicle (Apr 16, 2026) and Hoodline place the residency at the Aloha Club, 952 Fruitvale Ave; directory lists 954 Fruitvale Ave (Yelp also uses 954). Likely the same building; confirm. NAME SPELLING: Chronicle text says 'Nena Neak' but its tags and Hoodline also use 'Naek'; Hoodline cites business records as 'Nara Nena Neak-merquillo'; Instagram display name 'Nara Kaen'. Started March 2024 as a home restaurant; Aloha Club residency since March 2026. Named to SF Chronicle's summer 2026 Top 25 list per search result (not verified in full). It is a residency, not a standalone restaurant; status could change.",https://www.sfchronicle.com/food/restaurants/article/innenaskitchen-cambodian-oakland-22197685.php; https://hoodline.com/2026/04/landlord-dustup-spawns-fruitvale-s-hottest-cambodian-noodle-joint/; https://www.instagram.com/innenaskitchen/; https://www.yelp.com/biz/in-nenas-kitchen-oakland-2; https://www.sfchronicle.com/project/restaurants-to-visit-now/
Italian Colors Restaurant,Montclair,Italian,"2220 Mountain Blvd #100, Oakland, CA",510-482-8094,$$,"Italian Colors is a family-owned Californian-Italian restaurant that has served the Montclair district in the Oakland hills since 1993. Founder and chef Alan Carlson trained at the Culinary Institute of America and cooked at Auberge Bertone in New York and Scott's Seafood in Oakland before opening it. His approach is that good food should be fun and approachable, and the menu pairs Italian staples and fresh pasta with Mediterranean influences and nightly seasonal specials. An extensive wine list backs up the kitchen, and after three decades it remains a neighborhood dinner spot in the hills. It also takes part in Oakland Restaurant Week. Reservations are taken by phone.",Fresh pasta; Californian-Italian and Mediterranean dishes; nightly seasonal specials; extensive wine list,Alan Carlson (founder/chef); family-owned,1993,https://italiancolorsrestaurant.com/,@italiancolorsrestaurant,,Open,,https://www.google.com/maps/place/?q=place_id:ChIJPalNz5CHj4ARRebMJXi016I,"Open: Yelp listing updated Sept 2026; Visit Oakland lists an ORW26 (Oakland Restaurant Week 2026) offer. Reservations by phone (510) 482-8094; the site says it has no online reservations. The official site's meta description wrongly says 'Rockridge neighborhood' (the address is Montclair, 2220 Mountain Blvd); do not repeat that. Exact hours not captured from the site. Specific signature dishes were not listed on the pages reviewed.",https://italiancolorsrestaurant.com/about; https://italiancolorsrestaurant.com/; https://www.visitoakland.com/listing/italian-colors-restaurant-%7C-orw26-special-offers/8506/; https://www.instagram.com/italiancolorsrestaurant/; https://www.yelp.com/biz/italian-colors-oakland-2
Itsumo,Laurel,Japanese,"4006 MacArthur Blvd, Oakland, CA",510-427-0327,$$,"Itsumo is a Japanese bistro that opened in summer 2026 on MacArthur Boulevard in Oakland's Laurel District. It took over a space that previously housed another Japanese restaurant, Pa's Papa, and continues the storefront's role as a casual neighborhood spot for Japanese comfort food. The menu covers bento boxes, sushi and specialty rolls, and bowls of ramen, suited to a quick lunch, a relaxed dinner or takeout. Delivery is also offered through third-party apps. As one of the Laurel's newest restaurants, it is still building its reputation, so check its Instagram for current hours and menu updates.",Bento boxes; sushi and rolls; ramen,,2026,,@itsumo.oakland,,Open,Opened July 2026; owner and hours unknown,https://www.google.com/maps/place/?q=place_id:ChIJM13gc6KHj4ARiRVtYUz5d2o,"Newly opened: Oaklandside's July 2026 openings roundup (published Aug 3, 2026, by Momo Chang) lists it as a new Japanese bistro serving bentos, rolls, ramen and sushi in the former Pa's Papa space. The article spells it 'Istumo' in its summary; Apple Maps shows 'It'sumo'. Two Yelp pages exist (itsumo-oakland-3 and -4). Owner and exact opening date not found. Hours not verified. Delivery via DoorDash.",https://oaklandside.org/2026/08/03/popbar-sanaa-palmetto-skula-enssaro-sweet-fingers-open/; https://m.yelp.com/biz/itsumo-oakland-4; https://www.instagram.com/itsumo.oakland/; https://www.doordash.com/store/itsumo-oakland-47953143/; https://maps.apple.com/place?place-id=IAB5891B1EC09A0A6
Jo's Modern Thai,Laurel,Thai,"3725 MacArthur Blvd, Oakland, CA",510-479-3167,$$,"Jo's Modern Thai is a Laurel District restaurant from Oakland native Kao Saelee, named for his wife, Jo. Since opening in 2021, it has drawn attention for Thai cooking that keeps the cuisine's bold balance of sweet, sour, salty and spicy while freely adding new ideas. Signature plates include drunken noodles with smoky barbecued brisket and a pork burger seasoned like laab with fresh herbs, and the blue sticky rice with mango sorbet is a popular dessert. The Michelin Guide gives it a Bib Gourmand for good cooking at a fair price. The dining room is lively and casual, open for lunch and dinner, and takes reservations through OpenTable.",Drunken noodles with barbecue brisket; laab-spiced pork burger; blue sticky rice with mango sorbet,Kao Saelee (owner),2021,https://www.josmodernthai.com/,@josmodernthai,Wed-Sun 12pm-9pm; closed Mon-Tue (per Michelin Guide),Open,,https://www.google.com/maps/place/?q=place_id:ChIJSbTUlIaHj4ARwSeaNM3YYVU,"Opened July 2021 (Oaklandside; Resy blog Aug 2021). In Oct 2024 head chef Intu-On Kornnawong and the sous chef resigned; the owner laid off front-of-house staff and the restaurant closed temporarily (Oaklandside, Oct 31, 2024). It has since reopened: 2026 Michelin Guide lists it as Bib Gourmand with current hours. The current head chef is not identified; the described dishes come from the Michelin write-up and may not reflect today's menu, so verify. Avoid crediting Kornnawong as current chef.",https://guide.michelin.com/us/en/california/oakland/restaurant/jo-s-modern-thai; https://oaklandside.org/2024/10/31/jos-modern-thai-turmoil-chef-staff-layoffs/; https://blog.resy.com/2021/08/five-things-to-know-about-jos-modern-thai-now-open-in-oakland/; https://www.josmodernthai.com/; https://www.opentable.com/r/jos-modern-thai-oakland; https://www.instagram.com/josmodernthai/
Joodooboo,North Oakland,Korean Tofu,"4201 Market St, Oakland, CA",510-500-1001,$$,"Joodooboo is chef Steve Joo's small Korean banchan shop and restaurant on Market Street in North Oakland, built around fresh tofu, or dooboo, made in-house. Joo, who trained at Chez Panisse and learned tofu-making during an apprenticeship in Korea, makes it from domestic organic soybeans, using seawater as the traditional coagulant. The tofu comes fresh or lightly fried with a savory sauce, alongside rice bowls, chilled acorn noodles, rotating soups and a changing lineup of vegetable banchan, pickles and kimchi from local farms. Food & Wine named Joo a Best New Chef in 2025, and the Michelin Guide awards a Bib Gourmand. Tofu and banchan are also sold to take home and at Bay Area farmers markets.","House-made dooboo (tofu), fresh or fried; seasonal vegetable banchan; kimchi and pickles; chilled acorn noodles; rice bowls; Banchan Club subscription",Steve Joo (chef/owner),2022,https://joodooboo.co/,,Tue-Sat 12pm-3pm and 4:30pm-8pm; closed Sun-Mon (per official site and Michelin),Open,,https://www.google.com/maps/place/?q=place_id:ChIJm2GURx1_hYARbws7G22yXEM,"Announced mid-2021 (Berkeleyside July 2021) and opened in January 2022 (SF Chronicle 'opening Wednesday' piece; Hoodline Jan 2022; SFGate says 2022). Food & Wine Best New Chef 2025 (SFGate, Sept 9, 2025). Michelin Bib Gourmand 2026. Farmers market stands: Marin (Thu), Downtown Berkeley (Sat), SF Clement St (Sun). Offers private parties for 10-14 people and gift cards. Instagram handle not confirmed.",https://joodooboo.co/; https://guide.michelin.com/us/en/california/oakland/restaurant/joodooboo; https://www.sfgate.com/food/article/food-and-wine-magazine-oakland-best-new-chef-21037749.php; https://www.berkeleyside.org/2021/07/28/joodooboo-oakland-korean-deli; https://hoodline.com/2022/01/oakland-welcomes-new-restaurant-specializing-in-fresh-tofu-and-banchan/; https://www.sfchronicle.com/food/restaurants/article/Inside-Oakland-s-anticipated-new-homemade-16770489.php
Kakui Sushi,Montclair,Sushi,"2060 Mountain Blvd, Oakland, CA",510-338-1188,,"Kakui Sushi is a neighborhood Japanese restaurant on Mountain Boulevard in Montclair, a regular stop for local sushi fans at both lunch and dinner. The open layout lets diners watch the chefs at work as they prepare nigiri of salmon, tuna and white fish along with a long list of specialty rolls, including the Dragon, Alicia and Spicy Scallop rolls. Cooked starters such as Dynamite Shrimp balance the raw selections. Kakui suits a casual meal in the dining room and also offers takeout and delivery, with online ordering, a rewards program and gift cards. Reservations can be made through OpenTable.",Dragon Roll; Alicia Roll; Spicy Scallop Roll; Dynamite Shrimp; nigiri,,,https://gokakuisushi.com/,@kakuisushi,"Tue-Sun lunch 11:30am-2pm, dinner 5pm-9pm (to 9:30pm weekends); closed Monday (per official site)",Open,Thin details: owner and opening year not found,https://www.google.com/maps/place/?q=place_id:ChIJpzWcr5qHj4AR6LPp8Jbmogk,"Open: Yelp updated June 2026; Toast online ordering active. Owner/chef and opening year not found (Tripadvisor ID suggests it has been listed since at least around 2010, but that is an inference). Phone (510) 338-1188. Visit Oakland lists it as 'Kakui'.",https://gokakuisushi.com/; https://gokakuisushi.com/menu; https://www.opentable.com/r/kakui-sushi-oakland; https://order.toasttab.com/online/kakui-sushi-oakland-2060-mountain-boulevard; https://www.yelp.com/biz/kakui-sushi-oakland
Kotobuki Japanese Restaurant,Montclair,Japanese/Sushi,"6111 La Salle Ave, Oakland, CA",510-658-3119,$$,"Kotobuki is a family-run Japanese restaurant in Montclair Village that has served the neighborhood since 1990 and is now managed by Jun Liang and his family. Generations of local customers have come for its combination dinners, customizable bento-style meals that are the menu's best seller. Fresh sashimi and specialty rolls such as the Rainbow Roll share the menu with teriyaki, ramen and Japanese curry, so it works for sushi lovers and cooked-food fans alike. Diners can sit at the sushi counter or in the dining room, and the restaurant offers online ordering, takeout and delivery. Lunch is served on Fridays and Saturdays, and dinner nightly.",Combination dinners / bento; sashimi; Rainbow Roll and specialty rolls; teriyaki; ramen; Japanese curry,Jun Liang (manager); family-owned,1990,https://www.kotobukirestaurantca.com/,,Mon-Thu 4pm-9pm; Fri-Sat 11:30am-2pm and 4:30pm-9pm; Sun 4:30pm-9pm (per official site),Open,,https://www.google.com/maps/place/?q=place_id:ChIJ11j9ypqHj4AR5r_krAzVA2s,"Official site states both 'opened 1990' and 'for over four decades'; these conflict (1990 is ~36 years). The listing uses 1990. Site describes Jun Liang as manager, not necessarily founder. No dedicated Instagram account found (only a location tag). Phone (510) 658-3119. Some aggregators list it under Piedmont; the address is Oakland 94611.",https://www.kotobukirestaurantca.com/; https://www.kotobukirestaurantca.com/Menu; https://www.yelp.com/biz/kotobuki-oakland-3
Lucky Three Seven,Fruitvale,Filipino,"2868 Fruitvale Ave, Oakland, CA",510-866-2023,$$,"Lucky Three Seven is a family-run Filipino kitchen on upper Fruitvale Avenue, opened in May 2013 by cousins Mark Legaspi and Artgel 'Jun' Anabo with their Auntie Cielito, after years of running a catering business in Oakland. Its storefront, painted in the red, blue and gold of the Philippine flag, turns out generous plates of home-style comfort food. The G-Fire wings, based on a family grandmother's recipe, are the signature, alongside sizzling short ribs with garlic rice, oversized lumpia, adobo and silog breakfast plates. The restaurant is also known for community work such as block parties and food drives. Orders are for dine-in or pickup, and payment is cash, Venmo or Zelle only.",G-Fire wings; G-Fire BBQ beef short ribs with garlic rice; XL lumpia; chicken/pork adobo; longsilog and tosilog plates,Mark Legaspi (co-founder/owner); co-founded with Artgel 'Jun' Anabo (d. 2022) and Auntie Cielito,2013,https://luckythreeseven.com/,@luckythreeseven,"Tue-Sun 11am-9pm; closed Monday (per Oaklandside, Aug 2023; confirm current)",Open,,https://www.google.com/maps/place/?q=place_id:ChIJARrHdVWGj4ARd7RozJnAwoA,Co-owner Artgel 'Jun' Anabo was killed outside the restaurant in May 2022; handled with sensitivity and left out of the listing copy. Oaklandside (2023) calls it the city's first permanent Filipino restaurant; that claim is not independently verified and is left out. Official site confirms payment is cash/Venmo/Zelle only (no cards) and phone (510) 866-2023. lucky-three-seven.com and wsite.top domains appear to be third-party. Yelp updated Sept 2026.,https://oaklandside.org/2023/08/14/oakland-filipino-food-lucky-three-seven-tipunan-senor-sisig/; https://luckythreeseven.com/; https://www.yelp.com/biz/lucky-three-seven-oakland
MAMA Oakland,Grand Lake,Italian Wine Bar,"388 Grand Ave, Oakland, CA",510-974-6372,$$,"MAMA is a warm, retro-styled Italian-American restaurant on Grand Avenue near Lake Merritt, opened in 2019 by husband-and-wife team Stevie Stacionis and Josiah Baldivino, the founders of Oakland's Bay Grape wine shop. It honors Stacionis's grandmother, Maria Germano Stacionis, and the idea of a Sunday supper at an Italian grandmother's table. Dinner is a three-course, prix-fixe red-sauce menu built around pastas such as spaghetti with sugo, linguine with pesto and mushroom risotto, with add-ons like meatballs in sugo. Baldivino, an advanced sommelier, created the wine program, which uses playful icons to make choosing a glass easy. Caramel banquettes, pink accents and plants set a cozy, slightly campy mood.",Three-course prix-fixe dinner; spaghetti with sugo; meatballs in sugo; linguine with pesto; mushroom risotto; approachable Italian wine list,Stevie Stacionis and Josiah Baldivino (owners); operated with support from Hi Neighbor Group,2019,https://mama-oakland.com/,@mamaoakland,Dinner from 5pm (Resy); full weekly schedule not confirmed,Open,"Now run with SF-based Hi Neighbor Group - confirm it still fits ""locally owned""",https://www.google.com/maps/place/?q=place_id:ChIJP3byt5iHj4ARj2K4nYYLMco,"Opened July 2019 (SF Chronicle opening article; Berkeleyside Aug 2, 2019). At opening it took no reservations; it now takes bookings on Resy. OWNERSHIP NOTE: the official site and Resy say it now operates with help from San Francisco's Hi Neighbor Group, a restaurant group, which matters for a 'locally owned' directory; confirm the current ownership structure. Original executive chef was Dorian Jones (2019); the current chef is unknown. The original sub-$30 price point is likely out of date, so no price is included.",https://mama-oakland.com/about; https://resy.com/cities/oakland-ca/venues/mama; https://www.berkeleyside.org/2019/08/02/sit-back-and-relax-oaklands-mama-will-take-care-of-you; https://www.sfchronicle.com/food/article/Mama-Oakland-s-new-wine-focused-sub-30-14079996.php; https://www.yelp.com/biz/mama-oakland-oakland
Mi Grullense,Fruitvale,Mexican,"1457 Fruitvale Ave, Oakland, CA",510-261-3325,$$,"Mi Grullense Restaurant & Tequila Bar is a sit-down Mexican restaurant on Fruitvale Avenue in the heart of Oakland's Fruitvale district, a neighborhood long known for its Mexican food and culture. It is open from breakfast through late evening every day, serving Mexican plates from its kitchen alongside a full bar focused on tequila. The restaurant sometimes hosts live entertainment, which makes it a lively place for a night out as well as a family meal. Takeout, delivery and catering are available, and seating is first-come, first-served. It recently introduced a new menu.",Mexican breakfast-through-dinner menu; tequila bar / full bar; occasional live entertainment; catering,,,https://www.facebook.com/migrullense/,,Mon-Thu 9am-10pm; Fri 9am-10:30pm; Sat 8am-10:30pm; Sun 8am-10pm (per NetWaiter; Visit Oakland lists slightly different hours; confirm),Open,"Thin details: no owner, opening year or signature dishes found; hours conflict",https://www.google.com/maps/place/?q=place_id:ChIJuS7iB_SGj4ARuHopHjMxnp4,"Open: Yelp updated Sept 2026 with a 'Try Our New Menu' note. Details are thin: no owner, founding year or signature dishes found. The Facebook page could not be fetched. Hours conflict between NetWaiter and Visit Oakland (which lists opening at 10am). Do not confuse it with the separate 'Mi Grullense' taco trucks (e.g., 1301 30th Ave) or the Sonoma County 'Taqueria El Grullense' chains. Listed in Berkeleyside's 2017 Nosh Fruitvale guide, so it has operated since at least 2017. No reservations; full bar; takes credit cards. Phone (510) 261-3325.",https://www.visitoakland.com/listing/mi-grullense-restaurant-&-tequila-bar/2929/; https://migrullenserestauranttequilabar.netwaiter.com/; https://www.yelp.com/biz/mi-grullense-restaurant-and-tequila-bar-oakland; https://www.facebook.com/migrullense/; https://www.berkeleyside.org/2017/05/09/nosh-neighborhood-guide-fruitvale
Montclair Egg Shop,Montclair,Brunch,"6126 Medau Pl, Oakland, CA",510-339-9554,$,"Montclair Egg Shop has served breakfast and lunch in Montclair Village since 1974. It was part of a string of seven egg shops that restaurateur Ed Baker opened across Oakland and Berkeley, starting in downtown Oakland in 1963. After more than five decades it remains a neighborhood gathering place, now owned by Miguel Barron. The menu covers classic egg breakfasts and a rotating list of specials, from polenta dishes to crab cake Benedict, plus Mexican-inspired plates like breakfast tacos and chilaquiles. Sandwiches, crepes and salads fill out the lunch side. It is open seven days a week for breakfast and lunch.","Rotating specials (e.g., crab cake Benedict, polenta); breakfast tacos; chilaquiles; crepes; sandwiches and salads",Miguel Barron (current owner); founded by Ed Baker,1974,https://www.montclaireggshop.com/,,Weekdays 8am-2pm; weekends 8am-3pm (per official site),Open,,https://www.google.com/maps/place/?q=place_id:ChIJGwmFNoWHj4ARAavF0tayT9Y,"Official 'Our Story' page confirms the 1974 opening, Ed Baker as founder (he opened his first shop in 1963), and Miguel Barron as current owner. The site says it opened 'as the last of seven egg shops' (ambiguous: the seventh opened, or the last surviving?), while an Oakland History Facebook post calls it the fifth of seven and 'Oakland's last original'; the listing avoids ordinal and 'last surviving' wording. KRON4 covered its 50th anniversary; KTVU covered the founder turning 90. Instagram not confirmed (Facebook: MontclairEggShop). Waitlist/reservation policy unknown.",https://www.montclaireggshop.com/our-story; https://www.montclaireggshop.com/directions-hours; https://www.montclaireggshop.com/menu; https://www.kron4.com/news/bay-area/oakland-restaurant-celebrates-50-years-of-business/; https://www.facebook.com/groups/OaklandHistory/posts/1972152866354695/
Moo Bong Ri,Temescal,Korean Stews,"4390 Telegraph Ave Ste K, Oakland, CA",510-654-4606,$$,"Tucked into the back of Koryo Plaza on Telegraph Avenue, Moo Bong Ri is a Temescal go-to for hearty Korean soups, stews and casseroles. The Oakland outpost of a Korea-born restaurant brand, it has been serving the neighborhood since around 2017. The menu leans into comfort cooking: bubbling gamjatang pork-bone stew, beefy galbi tang, spicy yukgaejang, soondae guk and generous platters of bossam and braised galbi jjim, all served with banchan. Portions are built for sharing, the room is cozy and unfussy, and it is the kind of place to go for a restorative bowl on a cool Bay Area evening. Takeout and phone orders are also available.",Gamjatang (pork bone stew); galbi tang; yukgaejang; soondae guk; bossam; galbi jjim,Hoon Han (identified as owner & chef in a Yelp owner response; not independently confirmed),c. 2017,https://moobongri.menu11.com/,@mbr_oakland,Phone (510) 654-4606. Hours in 2020 press: Mon-Fri 10:30am-2:30pm & 4-10pm; Sat-Sun 10:30am-10pm (verify; may be outdated),Open,,https://www.google.com/maps/place/?q=place_id:ChIJmf4DV-J9hYARz5yWT9R4oKk,"Active Yelp listing updated Aug 2026 with 1,500+ reviews; no sign of closure. Berkeleyside (Jan 2020) said it had been open about three years and is part of a franchise chain that started in Korea, so year_opened is approximate. Located in back of Koryo Plaza (4390 Telegraph Ave Ste K). No official website beyond online-ordering page found.",https://www.berkeleyside.org/2020/01/13/korean-soups-casseroles-and-stews-shine-at-moo-bong-ri-in-temescal; https://m.yelp.com/biz/moo-bong-ri-korean-restaurant-oakland; https://moobongri.menu11.com/; https://www.instagram.com/reel/CfdoSnrlyoX/
Mr Liu Noodle House,Chinatown,Chinese Noodles,"358 11th St, Oakland, CA",510-424-6988,$$,"Mr Liu Noodle House brings the fiery, numbing flavors of Chongqing to a small storefront on 11th Street in Oakland Chinatown. Opened in 2024, the shop specializes in Chongqing xiao mian, the chili-oil-slicked wheat noodles that are a street-food staple in southwest China, and the kitchen makes its noodles and dumplings by hand. Beyond the signature spicy noodles, the menu covers Sichuan cold noodles, zhajiang noodles, several beef noodle soups and a lineup of rice noodles served bubbling in clay pots, from tomato meatball to braised spare ribs. It is a casual, quick-service spot well suited to a solo lunch, with online ordering and delivery available.",Chongqing-style spicy noodles (xiao mian); Sichuan cold noodles; zhajiang noodles; beef noodle soups; clay-pot rice noodles; handmade dumplings,,2024,https://www.mrliunoodlehouse.com/,,"Official site: 10:30am-7:30pm, closed Thursday. Yelp/Apple Maps show 10:30am-8pm (conflict; verify)",Open,,https://www.google.com/maps/place/?q=place_id:ChIJ9W_jqkWBj4ARgPgDrBIH4aE,"Reddit post from Aug 2024 describes it as having opened a couple of months earlier, so mid-2024 opening. Owner's name not found in credible sources (the 'Mr. Liu' in the name is not confirmed as the owner). Hours conflict between official site and Yelp. Facebook page exists (facebook.com/61562352234136). Phone (510) 424-6988.",https://www.mrliunoodlehouse.com/; https://www.visitoakland.com/listing/mr-liu-noodle-house/8562/; https://www.reddit.com/r/OaklandFood/comments/1f0h2m5/newish_noodle_spot_mr_liu_noodle_house/; https://www.hungryonion.org/t/mr-liu-noodle-house-oakland-chinatown/40790; https://m.yelp.com/biz/mr-liu-noodle-house-oakland
Mugunghwa Korean Restaurant (Oakland),Temescal,Korean,"4315 Telegraph Ave, Oakland, CA",510-876-9988,$$,"Mugunghwa is a home-style Korean restaurant on Telegraph Avenue in Temescal, the second location of a well-loved El Cerrito original. It opened in summer 2025 in the former Hancook space, run by the same owners, and quickly drew a following for home-style cooking. The menu spans comforting soups and stews, braised galbijjim short ribs, crisp Korean fried chicken, bibimbap bowls, chilled mul naengmyeon noodles and barbecue dishes. It is open for lunch and dinner, a menu that works for sharing several dishes or for a quick weekday meal, and takeout and delivery are available.",Galbijjim (braised short ribs); Korean fried chicken; bibimbap; mul naengmyeon; soups and stews,Same ownership as the former Hancook restaurant (individual names not found),2025,https://mugunghwaoakland.com/,,Lunch and dinner (specific hours not verified),Open,,https://www.google.com/maps/place/?q=place_id:ChIJX2DZZcR9hYAROoUnCBBSkXU,"Opened around July 5, 2025 per berkeley-eats; Oaklandside covered it July 24, 2025. Replaced Hancook at 4315 Telegraph Ave. Original location: 10140 San Pablo Ave, El Cerrito (opened late 2024). Do not confuse with the Michelin-listed Mugunghwa in Seoul. Yelp listing active (updated Sept 2026). Instagram handle not confirmed.",https://www.berkeley-eats.com/mugunghwa-opens-second-location/; https://oaklandside.org/2025/07/24/mugungwha-melt-me-kien-svay-new-restaurants/; https://m.yelp.com/biz/mugunghwa-oakland-2; https://mugunghwaoakland.com/; https://eastbayexpress.com/new-korean-restaurant-mugunghwa-opens-in-el-cerrito/
NIDO's BackYard,Jack London/Marina,Mexican/Cocktail Bar,"104 Oak St, Oakland, CA",510-500-9757,$$,"NIDO's BackYard is a festive Mexican restaurant and margarita garden at the edge of Jack London Square. Husband-and-wife team Silvia Hernández-McCollow and Cory McCollow opened it in 2019 as a tribute to Nido, the restaurant they launched in the neighborhood in 2012. The largely open-air space centers on seasonal Mexican cooking paired with a deep list of agave spirits, mezcal and margaritas, and its motto, 'Mi BackYard es su BackYard,' sums up the laid-back, communal mood. The patio is dog-friendly, it runs happy hour specials, and it is easy to reach by ferry or BART. The same family also runs Odin Mezcalería nearby on Oak Street.",Margaritas; mezcal and tequila list; seasonal Mexican plates; outdoor margarita garden; happy hour,Silvia Hernández-McCollow and Cory McCollow (owners); Jose Ramos led the opening menu,2019,https://www.nidooakland.com/,@nidosbackyard,Opens Mon at 12pm (Mon-Tue 12-9pm per Yelp); late happy hour 8-10pm has been promoted on Instagram (verify current),Open,,https://www.google.com/maps/place/?q=place_id:ChIJK_MXKS6Bj4ARR_hUcLHS-Rs,"Address confirmed as 104 Oak St (Instagram bio, official site). The official /team page footer lists 444 Oak St, which is actually sister restaurant Odin's address, so ignore that. The earlier restaurant Nido opened 2012 (Main Street Launch says Oct 2013; minor conflict). A second domain backyardoakland.com also exists. Phone 510-500-9757.",https://www.nidooakland.com/; https://www.nidooakland.com/team; https://www.instagram.com/nidosbackyard/; https://sf.eater.com/2019/9/13/20864151/nidos-backyard-open-mexican-food-margaritas-outdoor-dining-drinking-jack-london; https://www.sfchronicle.com/food/article/Nido-s-Backyard-opens-with-mezcal-Tequila-and-14426384.php; https://m.yelp.com/biz/nidos-backyard-oakland-4; https://dogtrekker.com/directories/nidos-backyard/; https://www.odinoakland.com/
Oakland Street Food Co.,Downtown Oakland,Fusion Street Food,"430 13th St, Oakland, CA",510-350-8587,$$,"Oakland Street Food Co. is a casual counter-service spot on 13th Street in Downtown Oakland that mixes the flavors of the city's street-food scene. Its menu leans on Baja-style and birria tacos alongside garlic noodles and grilled chicken, a mashup that draws on Mexican and Filipino influences. Portions are hearty and the format is built for speed, making it a convenient stop for downtown workers, BART riders and anyone grabbing lunch between errands. Online ordering for pickup is available directly through the restaurant, and the shop also serves drinks and small bites.",Baja tacos; birria tacos; garlic noodles; grilled chicken; Mexican-Filipino mashups,Owner identified only as 'Kara' in a Yelp review (unconfirmed),,https://oaklandstreetfood.com/,,Not verified,Open,Thin details: no press coverage; owner known only by first name,https://www.google.com/maps/place/?q=place_id:ChIJ4dhhDCeBj4ARmtLcUBfwFkQ,Yelp listing active (updated Sept 2026). A Yelp reviewer says the space was formerly CamBurger and is under new ownership; not confirmed by press. No press coverage found; opening year unknown. Phone (510) 350-8587. Online ordering at oakland-street-food-co.square.site.,https://m.yelp.com/biz/oakland-street-food-co-oakland; https://www.facebook.com/oaklandstreetfoodco/; https://oakland-street-food-co.square.site/s/order; https://oaklandstreetfood.com/index.php/contact-us/; https://www.mapquest.com/us/california/oakland-street-food-co-426985244
Ohgane Oakland,Temescal/Piedmont border,Korean BBQ,"3915 Broadway, Oakland, CA",510-594-8300,$$,"Ohgane has grilled Korean barbecue on the corner of Broadway and 39th Street since 2005, and this Oakland dining room is where the local mini-chain began. Guests cook at built-in tabletop grills, and the signature galbi short rib is hand-cut, scored and marinated for days in a soy, pear and garlic blend before it reaches the table. Alongside the barbecue come bulgogi, spicy pork, bibimbap, hot stews and a spread of banchan made fresh each morning. The lively room, with ventilation hoods over every grill, suits groups as well as a weeknight dinner, and it serves lunch and dinner every day, with reservations available.",Galbi (marinated short rib); tabletop grilling; daeji bulgogi; dolsot bibimbap; stews; banchan,,2005,https://ohgane.com/oakland-location,,Daily 11am-10pm,Open,,https://www.google.com/maps/place/?q=place_id:ChIJh7N4zft9hYARPVRV9D6dXP4,"Ohgane also has locations in Alameda and Concord; this is the original. Owner/founder names not found. The website says the galbi is marinated 72 hours and grilled on mesquite tabletop grills. An old SFGate review exists; its exact date was not checked. Some social posts describe all-you-can-eat service; not confirmed on the official site, so leave it out. Reservations via OpenTable. Phone (510) 594-8300.",https://ohgane.com/oakland-location; https://ohgane.com/; https://m.yelp.com/biz/ohgane-korean-bbq-oakland-3; https://www.opentable.com/r/ohgane-oakland; https://www.sfgate.com/restaurants/diningout/article/Ohgane-Korean-BBQ-Oakland-Grill-meat-yourself-2299783.php
Parche,Uptown,Colombian,"2295 Broadway, Oakland, CA",510-544-8982,$$,"Parche is a contemporary Colombian restaurant on Broadway in Uptown Oakland, founded by chef Paul Iglesias, a Bay Area restaurateur with deep Colombian roots. Since opening in January 2023, it has reworked traditional Colombian cooking with California ingredients, and its name, a Colombian word that evokes getting together with friends, sets the tone for a lively room built around shared plates. The kitchen is entirely gluten-free, and the restaurant serves lunch, dinner and a happy hour at the bar and lounge, with reservations available. It is recognized in the MICHELIN Guide and has hosted cultural events such as food-and-music pairing menus during Hispanic Heritage Month.",Contemporary Colombian shared plates; fully gluten-free menu; Latin cocktails; bar and lounge happy hour,Paul Iglesias (founder and executive chef),2023,https://www.parcheoak.com/,,"Mon 5-9pm; Tue-Thu 11:30am-2pm & 4-9pm; Fri-Sat 11:30am-10pm; Sun 11:30am-9pm. Happy hour Tue-Thu 4-6pm, Fri-Sun 3-5pm (bar and lounge only)",Open,,https://www.google.com/maps/place/?q=place_id:ChIJG1pb93OBj4ARzhiDnWVUWEg,"Opened Jan 13, 2023 (Eater SF). Iglesias previously managed Canela Bistro in SF. The official site calls it 'MICHELIN Guide 2026-recognized' and it has a Michelin Guide page. Its exact distinction (e.g., Bib Gourmand vs. listed) was not verified. An aggregator mentions encocado and ceviches, but the official menu was not checked, so they are left out of highlights. Instagram handle not confirmed; it posts as 'PARCHE' on Instagram.",https://www.parcheoak.com/; https://www.parcheoak.com/about; https://sf.eater.com/2023/1/6/23541224/parche-restaurant-open-colombian-restaurant-uptown-oakland; https://guide.michelin.com/us/en/california/oakland/restaurant/parche; https://abc7news.com/post/hispanic-heritage-month-oakland-columbian-restaurant-parche-hosts-food-music-pairing-menu-latin-twist/17926528/; https://www.sfchronicle.com/food/restaurants/article/parche-colombian-food-oakland-17769832.php; https://www.visitoakland.com/blog/post/paul-iglesias-a-fusion-of-colombian-heritage-at-parche-oakland/
Pizzaiolo,Temescal,Italian/Californian,"5008 Telegraph Ave, Oakland, CA",510-652-4888,$$,"Pizzaiolo has been a Temescal fixture on Telegraph Avenue since 2005, serving wood-fired pizza and pasta shaped by Northern California's farm-driven cooking. The restaurant describes its food as organic and local, with a menu that changes constantly as the seasons turn. Pizzas come out of the wood-burning oven, and pastas and other Italian-inspired plates change with whatever local farms are harvesting. The restaurant bills itself as a love letter to Northern California, and its founder trained at Chez Panisse, the Berkeley restaurant that shaped the region's ingredient-first style. After two decades on the avenue, it remains a neighborhood gathering spot for an unhurried dinner, and reservations help on busy nights.","Wood-fired pizza; handmade pasta; seasonal California-Italian plates; ever-changing organic, local menu",Charlie Hallowell (founder/owner; Chez Panisse alum),2005,https://www.pizzaiolooakland.com/,@pizzaiolooakland,Dinner from 5pm (Yelp shows Mon-Tue 5-9pm; full current schedule not verified),Open,,https://www.google.com/maps/place/?q=place_id:ChIJYdYrAeF9hYARXSv17bySojU,"SENSITIVE: owner Charlie Hallowell faced widely reported sexual harassment allegations in 2017 and sold his stakes in Penrose and Boot & Shoe but kept Pizzaiolo (Eater SF 2024; SF Standard 2025). The directory owner may want to review this before featuring it. LocalWiki lists June 2005 opening, chef Julya Shin and past morning espresso/pastry service; those may be outdated and were not confirmed. Yelp listing updated Sept 2026; open.",https://www.pizzaiolooakland.com/; https://localwiki.org/oakland/Pizzaiolo; https://m.yelp.com/biz/pizzaiolo-oakland; https://sf.eater.com/2024/2/13/24071968/charlie-hallowell-chef-owner-pizziaolo-new-restaurant-oakland-laurel; https://sfstandard.com/2025/06/26/pizzaiolo-oakland-charlie-hallowell-abuse-berkeley-smashburger-station/; https://www.kqed.org/bayareabites/89/pizzaiolo-fires-up-the-oven
Pomet,Piedmont Ave,Farm-to-Table Californian,"4029 Piedmont Ave, Oakland, CA",510-450-2541,$$$$,"Pomet is a farm-rooted Californian restaurant on Piedmont Avenue from Aomboon Deasy, the farmer behind K&J Orchards, a longtime fixture at Bay Area farmers markets known for its stone fruit, pears and other orchard crops. Since opening in 2022, it has served as a direct line from farm to table: fruit and produce come from the family orchard and other local growers, meats come from regenerative ranchers, and pruned orchard wood fuels the wood-fired oven. The seasonal menu might pair oysters with Asian pear mignonette or fill pasta with mushroom puree and finish it with celery root miso butter, and meals often end with a gift of fresh fruit. Pomet is listed in the MICHELIN Guide and takes reservations for dinner Wednesday through Sunday.",K&J Orchards fruit and produce; wood-fired cooking with orchard wood; oysters with Niitaka pear mignonette; seasonal pastas; complimentary seasonal fruit,"Aomboon Deasy (owner; farmer, K&J Orchards); opening chef Alan Hsu, later chef reported as Edalyn",2022,https://www.exploretock.com/pomet/,,Wed-Sun 5-9pm; closed Mon-Tue,Open,,https://www.google.com/maps/place/?q=place_id:ChIJAzAYWLJ9hYARr2fF6gon7Eo,"Michelin Guide page is active. The chef has changed over time: Visit Oakland names Alan Hsu, and a Tingo page mentions a chef named Edalyn; confirm the current chef before publishing. Opening date conflict: a Foodwise post says it opened Feb. 23, and Haute Living (Mar 2022) said 'coming late spring 2022'. 2022 is consistent with both. Reservations via Tock; no standalone website found. Facebook: facebook.com/pometoakland.",https://guide.michelin.com/us/en/california/oakland/restaurant/pomet; https://www.visitoakland.com/listing/pomet/6263/; https://www.sfchronicle.com/food/restaurants/article/pomet-oakland-17606921.php; https://www.tablehopper.com/chatterbox/an-early-look-at-pomet-a-restaurant-from-kj-orchards-now-open-in-oakland/; https://www.hautelivingsf.com/2022/03/18/oaklands-pomet-features-farm-to-table-pedigree/; https://tingoes.com/pomet/; https://www.exploretock.com/pomet/; https://m.yelp.com/biz/pomet-oakland-2
Prescott Market West Oakland,West Oakland,Food Hall,"1620 18th St, Oakland, CA",510-894-9191,$$,"Prescott Market is a food hall and community gathering place on 18th Street in West Oakland that opened in spring 2025. It brings several East Bay vendors under one roof: Pizzeria Violetta, an Almanac Beer taproom, Woo Can Cook, Fast Times Burgers, Highwire Coffee, Cafe Noir and a butcher-deli counter, among others. A large back patio and plenty of outdoor seating make it an easy place to linger with kids or friends. Beyond everyday dining, the market hosts a seasonal monthly night market with live music, local makers and street food, plus weekly Sunday markets, and it is available for private events.",Pizzeria Violetta; Almanac Beer taproom; Woo Can Cook; Fast Times Burgers; Highwire Coffee; monthly night market; large patio,Harv Singh (director/curator) and Joe Ernst (business partner); produced and operated by Hella Creative,2025,https://www.prescottmarket.com/,@prescottmarketwestoakland,At opening (Apr 2025): Mon-Sat 8am-9pm (Almanac to 10pm Fri-Sat); Sun 8am-8pm. Vendor hours vary; verify current,Open,,https://www.google.com/maps/place/?q=place_id:ChIJtd6PRwB_hYARX1oG3i1Ft6U,"Soft opening began March 21, 2025 (Oaklandside); East Bay Express covered the opening Apr 22, 2025. Vendor lineup changes; the current site also lists Fatto a Mano Alimentari and F.O.B. West. The night market has been described as monthly on Thursday evenings June to October (4-8pm or 5-9pm by source), and Facebook shows a Friday Oct 9 edition, so dates vary. The events page lists Sundays 10am-2pm, which appears tied to the West Oakland Farmers Market. EBX gives the address as '620 18th St', likely a typo for 1620; Yelp lists 1620-1640 18th St.",https://www.prescottmarket.com/; https://www.prescottmarket.com/events; https://eastbayexpress.com/prescott-market-opens-in-west-oakland/; https://oaklandside.org/2025/03/19/prescott-market-opening/; https://www.instagram.com/prescottmarketwestoakland/; https://www.spur.org/events/2025-08-21/explore-prescott-market-west-oaklands-vibrant-food-hall-night-market; https://www.yelp.com/biz/prescott-market-oakland
Puerto Rican Street Cuisine,San Antonio,Puerto Rican,"1430 23rd Ave, Oakland, CA",510-603-2906,$$,"Puerto Rican Street Cuisine is the East Oakland comeback restaurant of chef Eric Rivera, one of the Bay Area's best-known champions of Boricua cooking and co-founder of the beloved Borinquen Soul. Opened on 23rd Avenue in the San Antonio neighborhood in 2025, it revives many of his signature dishes: slow-roasted pernil, chicken encebollado, carne guisada, arroz con gandules, empanadas, pasteles, alcapurrias and sweet and savory plantains. It also serves favorites from his Diners, Drive-Ins and Dives days, such as loaded plantain canoas and fried-chicken mofongo. The restaurant began as a takeout operation, offers catering and has hosted hands-on pilón painting experiences. It is temporarily closed after a September 2026 fire; check before visiting.",Pernil; arroz con gandules; fried-chicken mofongo; canoa (loaded plantain); alcapurrias; pasteles; empanadas,Chef Eric Rivera (Borinquen Soul co-founder; formerly W.E.P.A.!),2025,,,"TEMPORARILY CLOSED (fire damage, Sept 2026); Yelp lists a scheduled reopening of Sept 30, 2026",Temporarily closed,"Temporarily closed after a Sept 4, 2026 fire; Yelp says reopening Sept 30, 2026",https://www.google.com/maps/place/?q=place_id:ChIJa9RlEpyHj4ARQPd8rMHx98Q,"STATUS: A fire on its block on Sept 4, 2026 damaged the restaurant, and it closed for takeout until further notice (Oaklandside, Sept 18, 2026). It is still doing catering from another kitchen in Sept-Oct. Yelp shows 'temporarily closed, scheduled to reopen September 30, 2026'. Re-check before publishing and update the last sentence of the description. Soft opening was around July 2025 (KQED). SF Chronicle later named it the Bay Area's best new Boricua restaurant. SENSITIVE: KQED reports Rivera served more than five years in jail before this opening; left out of the description. The description says 'alcapurrias'; KQED's text reads 'alpacurrias', likely a typo. Facebook: Puerto Rican Street Cuisine and BorinquenSoul pages.",https://oaklandside.org/2026/09/18/puerto-rican-street-cuisine-daruma-sushi-oeste-closed/; https://www.berkeleyside.org/2026/09/18/puerto-rican-street-cuisine-daruma-sushi-oeste-closed; https://m.yelp.com/biz/puerto-rican-street-cuisine-coming-soon-oakland; https://www.kqed.org/arts/13977950/puerto-rican-restaurant-oakland-borinquen-soul-eric-rivera-comeback-santa-rita-jail; https://www.sfchronicle.com/food/restaurants/article/puerto-rican-street-cuisine-oakland-20777536.php; https://www.sfchronicle.com/food/restaurants/article/puerto-rican-street-cuisine-oakland-21112165.php; https://www.facebook.com/p/Puerto-Rican-Street-Cuisine-61579301068375/
Qi Wei House,Downtown Oakland,Asian Fusion/Teriyaki,"419 15th St, Oakland, CA",415-308-3728,$,"Qi Wei House is a casual Downtown Oakland counter on 15th Street specializing in Hawaiian-style barbecue and Asian fusion rice bowls. The menu centers on teriyaki plates and bowls made with chicken, beef, salmon or shrimp, alongside kalbi short ribs and mixed barbecue combos served over rice. Seafood lovers can also find a loaded bowl of salmon, unagi and tuna with crab salad, edamame and crisp vegetables, finished with teriyaki and a house special sauce. Built for quick lunches and takeout, it also offers party packs for office gatherings and group orders, plus delivery through the major apps.","Teriyaki bowls (chicken, beef, salmon, shrimp); Hawaiian BBQ plates; kalbi; salmon-unagi-tuna bowl; party packs",,,https://www.qiweihouse.com/,@qiweihouse,Not verified,Open,Thin details: no press coverage or opening year,https://www.google.com/maps/place/?q=place_id:ChIJfXI5RgCBj4AR7iQ2UE4A4mU,"Small but active Yelp presence (19 reviews, updated Sept 2026); no press coverage found. Owner and opening year unknown. Yelp lists phone +1 415-308-3728 (a 415 area code, possibly the owner's mobile). Some listings spell it 'Qiwei House'. Listed by the Downtown Oakland Community Benefit District.",https://www.qiweihouse.com/; https://www.instagram.com/qiweihouse/; https://m.yelp.com/biz/qi-wei-house-oakland-2; https://www.grubhub.com/restaurant/qi-wei-house-419-15th-street-oakland/14848304; https://downtownoakland.org/place/qi-wei-house-2/; https://www.mapquest.com/us/california/qi-wei-house-11922980
Rose Garden Uptown,Uptown,Lao/Thai,"1901 San Pablo Ave, Oakland, CA",510-817-4811,$$,"Rose Garden Uptown serves Lao and Thai cooking from a bright, modern dining room at San Pablo Avenue and 19th Street, near the Oakland Ice Center. It opened in 2024 with a mission of cooking from family recipes with fresh ingredients, bringing more Lao cooking to Uptown. The menu offers several styles of laab, Lao beef jerky, sai oua herb sausage, fresh Lao spring rolls and mok pa, catfish steamed in banana leaf with herbs, alongside Thai favorites such as curry with roti. Table service is available, many guests order to go, and the restaurant also handles catering and events.",Laab (several varieties); Lao beef jerky; sai oua (Lao sausage); mok pa (catfish steamed in banana leaf); Lao spring rolls; curry roti,,2024,https://www.rosegardenuptown.org/,,Mon-Fri lunch from 11am (partial listing seen; full hours not verified),Open,,https://www.google.com/maps/place/?q=place_id:ChIJw4X4eACBj4AR-oGs3l94_dQ,"Grand opening Aug 5, 2024 (Oaklandside), which called it 'the team's sister location for Lao and Thai specialties'; which restaurant it is a sister to was not determined. Owner names not published. The site contact uses a personal email; do not publish it. Phone (510) 817-4811. The menu site spells the sausage 'Sai Qua'. Yelp listing active (updated May 2026). Offers online ordering, catering and events.",https://www.rosegardenuptown.org/; https://www.rosegardenuptown.org/about; https://www.rosegardenuptown.org/menu; https://oaklandside.org/2024/08/06/eggys-heads-tails-tayir-sadam-rose-garden-new-restaurants/; https://thegourmez.com/blog/2025-11-19-rose-garden-uptown/; https://m.yelp.com/biz/rose-garden-uptown-oakland
"Saffron Kitchen, Restaurant & Bar",Rockridge,Afghan/Persian,"5940 College Ave Unit J-I, Oakland, CA",510-735-9220,$$,"Saffron Kitchen brings the flavors of Afghanistan and its Silk Road neighbors to College Avenue in Rockridge. Founder Akbar Arghandiwal, an Afghan American entrepreneur who spent two decades building businesses abroad before settling in the Bay Area, opened the restaurant in 2023 with chef Abdul Yawari leading the kitchen. The menu leans on Afghan home cooking with Persian and Mediterranean touches: qabuli pallaw with lamb shank, kobideh kabobs, lamb-filled steamed dumplings, and crispy eggplant with yogurt, alongside generous vegetarian platters. A full bar pours house cocktails and mango lassi, and a daily happy hour draws neighborhood regulars. Reservations, takeout, catering, and private events are all available.",Qabuli pallaw with lamb shank; kobideh kabob; lamb steamed dumplings; crispy eggplant with yogurt; vegetarian platters; house cocktails; happy hour,Founder Akbar Arghandiwal; chef/co-owner Abdul Yawari (OpenTable spells it Yawary),2023,https://saffronk.com/,@saffronkitchen5940,Sun-Thu 12pm-9pm; Fri-Sat 12pm-10pm (per official website),Open,,https://www.google.com/maps/place/?q=place_id:ChIJAZ91Zfh9hYAR8i-r7QeuQ_g,Opening year from Oaklandside (Nov 2023 opening coverage; Jan 2025 profile says opened in 2023). Oaklandside article itself could not be fetched (robots); details via search snippets. Website describes cuisine as Mediterranean-infused Afghan.,https://saffronk.com/; https://saffronk.com/oakland-rockridge-saffron-kitchen-about; https://oaklandside.org/2025/01/02/saffron-kitchen-takes-diners-on-a-silk-road-inspired-culinary-tour/; https://oaklandside.org/2023/11/27/dumpling-hours-saffron-kitchen-chef-yan-restaurants/; https://www.opentable.com/r/saffron-kitchen-oakland
Saucy Oakland,Downtown/Chinatown,Asian Fusion,"468 8th St, Oakland, CA",510-764-3939,$$,"Saucy Oakland is the creative project of locals Tony Ngo and Jenni Nguyen, who launched it in 2015 as a pop-up built around roughly twenty homemade sauces. Chef Ngo, trained in Japanese and French cooking, draws on Japanese and Thai flavors, and the kitchen still makes its marinades and sauces in-house. After time on Telegraph Avenue, Saucy settled in 2022 into a storefront on 8th Street at the edge of Old Oakland and Chinatown. The menu mixes playful small plates such as hamachi shooters and Thai corn dogs with Basque cheesecake, and the restaurant has offered a multi-course chef's tasting with sake pairings. Reservations are taken through OpenTable, and catering is available.",Hamachi shooters; Thai corn dogs; Basque cheesecake; house-made sauces and marinades; chef's tasting menu with sake,Chef/co-owner Tony Ngo; co-owner Jenni Nguyen,2015 (as pop-up); 8th St location 2022,https://www.saucyoakland.com/,,"Conflicting: Yelp snippet lists Mon closed, Tue-Wed 11:45am-2pm lunch; Facebook lists dinner Wed-Sat from 5:30pm. Confirm with restaurant.",Open,,https://www.google.com/maps/place/?q=place_id:ChIJj38VTOl9hYARolNsyWwjDXw,Relocation to 468 8th St was reported as planned for early April 2022 (WhatNow); treat 2022 as approximate. Signature dishes come from 2022 coverage and may have rotated; Yelp shows 'Try Our New Menu.' Official site content did not render (Square site). Instagram handle not verified.,https://www.saucyoakland.com/; https://www.saucyoakland.com/visit; https://whatnow.com/san-francisco/restaurants/saucy-oakland-plots-relocation-to-8th-street/; https://www.opentable.com/r/saucy-oakland; https://www.yelp.com/biz/saucy-oakland-oakland-3; https://www.facebook.com/scyrestaurant/
Seoul Gom Tang,Temescal,Korean Soups,"3801 Telegraph Ave, Oakland, CA",510-597-9989,$$,"Seoul Gom Tang is a modest, family-run Korean restaurant on Telegraph Avenue devoted to slow-simmered beef soups. Its namesake gomtang arrives milky and unseasoned, so diners add sea salt, black pepper, and radish kimchi at the table, and it comes in versions with brisket, beef knuckle, or a mixed bowl with tripe and tendon. Oxtail soup, galbitang, cold mul naengmyeon, spicy pork-bone and potato stew, seafood pancakes, and dumplings round out the menu, served with fresh banchan. The setting is casual, with table service and takeout, and it is a comforting stop for anyone craving a restorative bowl of Korean broth.","Gomtang (beef bone soup: brisket, knuckle or mixed); oxtail soup; galbitang; mul naengmyeon; gamjatang/pork-bone potato stew; seafood pancake",,,,,Conflicting third-party listings: Wanderlog shows daily 11am-3pm and 5-10pm; TripAdvisor shows longer hours. Confirm with restaurant.,Open,"Thin details: no website, Instagram, owner or opening year",https://www.google.com/maps/place/?q=place_id:ChIJJxKBhwd-hYARckeSfiqOiT4,"Appears under several spellings: Seoul Gom Tang, Seoul Gomtang (Yelp), Seoul Gam Tang (TripAdvisor/Grubhub). A 2000s SFGATE article refers to 'Seoul Gom Tang II'. Yelp listing updated Aug 2026 with recent reviews, so it appears open. No official website or Instagram found; owner names and opening year not found. Wanderlog describes it as family-owned (unverified by press). Some press is older (SF Chronicle c. 2015).",https://www.sfchronicle.com/restaurants/article/Finding-the-real-bone-broth-Seoul-Gom-Tang-s-6075706.php; https://www.yelp.com/biz/seoul-gomtang-oakland; https://wanderlog.com/place/details/430525/seoul-gom-tang; https://www.tripadvisor.com/Restaurant_Review-g32810-d345185-Reviews-Seoul_Gam_Tang-Oakland_California.html; https://www.sfgate.com/bayarea/article/Oakland-Soup-for-you-at-Seoul-Gom-Tang-II-2301229.php
Sequoia Diner,Laurel,American Diner,"3719 MacArthur Blvd, Oakland, CA",510-482-3719,$$,"Sequoia Diner has been a Laurel District fixture on MacArthur Boulevard since 2015, when Andrew Vennari and Sequoia Del Hoyo set out to make diner classics with top-quality ingredients. The kitchen is known for fluffy biscuits, buttery pastries, and pecan sticky buns, along with seasonal specials like a red flannel hash of beets and yams topped with poached eggs. A coffee bar and booths make it an easy neighborhood gathering spot, and weekend waits are common. Sequoia won the 2025 Nosh Award for best breakfast in the East Bay and was named to the San Francisco Chronicle's Top 100 list in 2025. New owners took over in early 2026 and pledged to keep what regulars love.",Biscuits; pecan sticky buns; pastries; red flannel hash; all-day breakfast and lunch; coffee bar,Founded by Andrew Vennari and Sequoia Del Hoyo; sold in early 2026 to Third Vision LLC (new owners' names not verified),2015,https://www.sequoiadiner.com/,,"Mon 9am-2pm; Wed-Sun 8am-2pm; closed Tue (per Nosh, Dec 2025; may have changed after sale)",Open,Sold to new owners (Third Vision LLC) in early 2026; hours predate sale,https://www.google.com/maps/place/?q=place_id:ChIJtRWb2EeGj4ARyouSvsO5p50,"Ownership change: Vennari sold the diner; takeover expected February 2026 (Berkeleyside/Oaklandside Jan 21, 2026; SF Chronicle). Oaklandside article with new owners' names could not be fetched. Del Hoyo left earlier to run Tarocco in West Berkeley. Top 100 inclusion is from an SF Chronicle Facebook post snippet.",https://www.sequoiadiner.com/; https://richmondside.org/2025/12/05/nosh-awards-best-breakfast-sequoia-diner/; https://oaklandside.org/2026/01/21/sequoia-diner-sold-new-owners-breakfast/; https://www.berkeleyside.org/2026/01/21/sequoia-diner-sold-new-owners-breakfast; https://www.sfchronicle.com/food/restaurants/article/sequoia-diner-sold-new-owners-21291287.php; https://www.berkeleyside.org/2015/05/15/bites-ovo-sequoia-diner-mad-oak-and-more
Sfizio,Rockridge,Italian,"6099 Claremont Ave, Oakland, CA",510-229-8365,$$,"Sfizio (pronounced svee-tsio) is a small, affordable pasta shop at the corner of Claremont and College avenues in Rockridge. Chef-owner Matt Solimano, a Pizzaiolo alumnus, started it as a pandemic pop-up in 2020 and opened the brick-and-mortar in May 2023 after years of sold-out events. The short menu is built around fresh pasta and seasonal vegetables, anchored by a famously inexpensive spaghetti in rich red sauce, with rotating plates such as tagliolini with wild morels or charred carrots with salsa macha. Guests order at a counter lined with cookbooks and plants, with a record player setting the mood. Most seats are held for walk-ins, and to-go orders are taken by phone.",Spaghetti in red sauce; seasonal fresh pastas; rotating vegetable plates; counter service; walk-in friendly,Chef-owner Matt Solimano,2023 (pop-up since 2020),https://sfiziopasta.com/,@sfiziopasta,Wed-Thu 5pm-9pm; Fri-Sat 5pm-9:30pm; closed Sun-Tue,Open,,https://www.google.com/maps/place/?q=place_id:ChIJjYS-fxN9hYAR7bsRswvDt2c,"Opened May 10, 2023. Limited 5pm reservations by text (510-229-8365); ~98% of seats for walk-ins. Early press cited $10 spaghetti and ~$16 entrees; prices may have changed, so the description avoids exact prices.",https://sfiziopasta.com/hours-and-reservations; https://sf.eater.com/2023/5/5/23712871/sfizio-restaurant-new-pasta-open-oakland; https://www.sfchronicle.com/food/restaurants/article/sfizio-pasta-18074541.php; https://www.sfgate.com/food/article/new-oakland-pasta-restaurant-opens-18096948.php; https://www.theinfatuation.com/san-francisco/reviews/sfizio; https://www.eastbaymag.com/sfizio/; https://www.instagram.com/sfiziopasta/
Shan Dong,Chinatown,Chinese Hand-Pulled Noodles,"328 10th St #101, Oakland, CA",510-839-2299,$,"Shan Dong has been a cornerstone of Oakland's Chinatown since 1992, a family-run restaurant overseen by Charles Hung that is known for its handmade noodles and dumplings. Passersby can often watch cooks stretching noodles and folding dumpling wrappers behind glass while they wait for a table. Regulars come back for the hand-pulled noodles in sesame paste sauce, pork and cabbage dumplings, and Shan Dong chicken, and the restaurant is reported to turn out around 2,000 dumplings a day. It is a casual, bustling spot that works for big group meals and quick lunches, and it runs a busy takeout operation. Expect lines at peak times.",Hand-pulled sesame paste noodles; pork and cabbage dumplings; Shan Dong chicken; handmade noodle chow mein; dry-braised green beans,Family-run; overseen by Charles Hung,1992,,,,Open,,https://www.google.com/maps/place/?q=place_id:ChIJDWHUxrWAj4ARP4aX5a3hCkE,"Yelp lists it as 'Shandong'; Visit Oakland as 'Shan Dong Mandarin Restaurant.' No official website found (shandong.gotoeat.net appears to be a third-party aggregator). Opening year from Visit Oakland (29 years as of 2021) and SFGATE (32-year-old restaurant, c. 2023). Hours not verified from an official source.",https://www.visitoakland.com/blog/post/oldest-family-run-businesses-in-chinatown/; https://www.sfgate.com/food/article/shan-dong-oakland-noodles-dumplings-18601068.php; https://www.theinfatuation.com/san-francisco/reviews/shan-dong; https://www.yelp.com/biz/shandong-oakland; https://www.visitoakland.com/listing/shan-dong-mandarin-restaurant/74/
Snail Bar,Temescal,Natural Wine Bar,"4935 Shattuck Ave, Oakland, CA",510-879-7678,$$$,"Snail Bar is a small natural wine bar and bottle shop on Shattuck Avenue in Temescal that became one of the East Bay's most talked-about restaurants after chef Andres Giraldo Florez, who is from Colombia, opened it in summer 2021. The wine list is entirely natural, mostly French with Spanish and Californian bottles, and it pairs with a concise, inventive menu of small plates that changes often. The restaurant is recommended in the Michelin Guide and is known for its steak frites and some very good french fries. Florez has since moved to Europe, and in early 2026 chef de cuisine Zachary Breaux took over the kitchen with a new menu. Reservations are available online.",100% natural wine list; rotating small plates; steak frites; french fries; bottle shop,Founder/chef-owner Andres Giraldo Florez (now based in Europe); chef de cuisine Zachary Breaux (from Feb 2026),2021,https://www.snailbaroakland.com/,,,Open,,https://www.google.com/maps/place/?q=place_id:ChIJ_4GPE_x_hYARouAt1lJ7i-c,"SF Chronicle (2026) says Breaux was named chef de cuisine in February, taking over from Florez, who moved to Europe; snippet indicates Florez retains ownership/involvement but full text is paywalled. A Nov 2025 wine-importer Instagram post references Florez 'of Oakland's Snail Bar (soon to be Cafe ...)'; this likely refers to a new Florez project in Europe, not a Snail Bar rename, but it is unverified. Bookings via Resy and Tock. Hours and Instagram handle not verified.",https://www.sfchronicle.com/food/restaurants/article/snail-bar-restaurant-oakland-22222359.php; https://www.sfchronicle.com/food/restaurants/article/snail-bar-restaurant-frites-oakland-22271192.php; https://guide.michelin.com/us/en/california/oakland/restaurant/snail-bar; https://www.berkeleyside.org/2021/03/02/snail-bar-natural-wine-slow-food-temescal; https://blog.resy.com/2023/02/snail-bar-oakland/; https://blog.resy.com/the-hit-list/sf-restaurants-march-2026/; https://www.ciachef.edu/blog/alumni-in-the-news-may-2026/; https://resy.com/cities/oakland-ca/venues/snail-bar
Sun Moon Studio,West Oakland,Fine Dining Tasting Menu,"1940 Union St Ste 21, Oakland, CA",,$$$$,"Sun Moon Studio is an intimate tasting-menu restaurant in a West Oakland studio space on Union Street, opened in 2024 by chefs Alan Hsu and Sarah Cooper. Seating is limited to about a dozen guests at each dinner. The seasonal menu showcases farmers and producers from around the region and is cooked with precise, restrained technique, with Asian influences in dishes such as Dungeness crab with yuzu kosho butter over silken tofu or savory egg tarts topped with salmon roe. Dinner runs about two to two and a half hours, with optional wine and non-alcoholic pairings. The restaurant holds a Michelin star and was named one of Bon Appétit's best new restaurants of 2025. Reservations are required.",Seasonal multi-course tasting menu; Dungeness crab with yuzu kosho butter; savory egg tarts with salmon roe; wine and non-alcoholic pairings,Chefs/owners Alan Hsu and Sarah Cooper,2024,https://www.sunmoonstudio.com/,@sun_moon_studio_,"Dinner Thu-Sun; first seating 5-5:30pm, last seating 7:45-8:30pm",Open,,https://www.google.com/maps/place/?q=place_id:ChIJ05gry4t_hYAR4tpX79itpGo,Michelin star awarded 2025 and listed in the 2026 guide. Official site lists $180/person plus tax and 20% service charge; pairings $125 (alcoholic) / $60 (non-alcoholic); max ~14 guests; $75/guest cancellation fee within 4 days. Also on NYT restaurant list 2025 and SF Chronicle Top 100. Oaklandside (Aug 2025) says it opened mid-2024.,https://www.sunmoonstudio.com/info; https://guide.michelin.com/us/en/california/oakland/restaurant/sun-moon-studio; https://oaklandside.org/2025/08/26/sun-moon-studio-michelin-star-west-oakland/; https://www.sunmoonstudio.com/
T'chaka a Taste of Haiti,Old Oakland,Haitian,"901 Washington St, Oakland, CA",510-899-2072,$$,"T'chaka is Oakland's first Haitian restaurant, opened in September 2023 inside historic Swan's Market in Old Oakland by chef-owner Frantz Felix, who calls himself an ambassador for Haiti. Before T'chaka, Felix ran the Caribbean Spices food truck and a restaurant in San Rafael. The menu is a tour of Haitian comfort food: griot (citrus-marinated fried pork), braised oxtails, saltfish with ackee, crispy akra taro fritters, and the namesake t'chaka, a hearty stew of beans, corn, and salted pork. It serves lunch and dinner on weekdays and a Sunday brunch, with takeout and delivery through online ordering.",Griot; braised oxtails; saltfish and ackee; akra (taro fritters); t'chaka stew; Sunday brunch,Chef-owner Frantz Felix,2023,,@tchaka_cuisine,As of Oct 2023: Wed-Sat 11am-3pm and 5pm-9pm; Sun 11am-6pm brunch (may have changed),Open,,https://www.google.com/maps/place/?q=place_id:ChIJHdJYU_-Bj4AR-bCdT31GK_c,"Located in Swan's Market at 901 Washington St (former Miss Ollie's space). tchakaoak.online appears in search but may be unofficial, so it was not listed as the website. Yelp listing updated Aug 2026, so it appears open. Hours are from 2023 KQED coverage.",https://www.kqed.org/arts/13936332/tchaka-haitian-restaurant-oakland; https://oaklandside.org/2023/09/06/new-restaurants-tchaka-delah-coffee-eos-sushi/; https://swansmarket.com/tenant/tchaka-haitian-caribbean/; https://www.instagram.com/tchaka_cuisine/; https://www.yelp.com/biz/tchaka-oakland
Teni East Kitchen,Piedmont Ave,Burmese,"3770 Piedmont Ave Unit B, Oakland, CA",510-879-6936,$$,"Teni East Kitchen is chef-owner Tiyo Shibabaw's Burmese restaurant, now in a larger home on Piedmont Avenue after moving about half a mile from its original Broadway location in 2026. Shibabaw spent a decade at Burma Superstar before striking out on her own, and her cooking pairs Southeast Asian herbs and spices with bright California produce. Favorites include tea leaf salad made with kale, crispy fried whole fish, coconut chicken, chickpea tofu with coconut garlic chili sauce, and Teni's spicy noodles. The Michelin Guide has awarded the restaurant a Bib Gourmand. The Piedmont Avenue space adds a full dining room and full bar, with lunch and dinner daily, plus catering and online ordering.",Tea leaf kale salad; crispy fried whole fish; coconut chicken; chickpea tofu with coconut garlic chili sauce; Teni spicy noodles; full bar,Chef-owner Tiyo Shibabaw (also runs Aman Cafe),,https://tenieastkitchen.com/,@tenieastkitchen,Piedmont Ave: Mon-Fri 11am-3pm and 5pm-9pm; Sat 11am-9pm; Sun 11am-8:30pm (per official site),Open,Moved from 4015 Broadway to 3770 Piedmont Ave in 2026; confirm Broadway spot closed,https://www.google.com/maps/place/?q=place_id:ChIJBUIHfgB9hYARY8WLLR-n2TY,"Relocated from 4015 Broadway (Temescal) to 3770 Piedmont Ave Unit B (former Pomella to-go cafe space, same building as dona); new location slated for March 2026, with the Broadway spot to close a few months later (SF Chronicle). Official site still listed Broadway dinner hours (Tue-Sun) when checked. Confirm whether Broadway has closed before listing it. Original opening year not verified.",https://tenieastkitchen.com/; https://eastbayexpress.com/teni-east-kitchen-relocates-to-piedmont-avenue/; https://oaklandside.org/2026/01/16/teni-east-kitchen-burmese-moving-pomella/; https://www.sfchronicle.com/food/restaurants/article/teni-east-kitchen-burmese-oakland-21277381.php; https://guide.michelin.com/us/en/california/oakland/restaurant/teni-east-kitchen; https://www.yelp.com/biz/teni-east-kitchen-piedmont-ave-oakland
The Cook and Her Farmer,Downtown/Old Oakland,Oysters/Wine Bar,"510 9th St, Oakland, CA",510-285-6140,$$,"The Cook and Her Farmer is an all-day cafe, oyster bar, and wine bar inside historic Swan's Market in Old Oakland. Co-owners Romney Steele, a cookbook author whose family founded Big Sur's Nepenthe, and Steven Day met while farming oysters in Tomales Bay. When that farm closed in 2012 they started running pop-ups, and in 2014 they opened this permanent counter. The cooking is coastal with a Southern touch: fresh-shucked oysters, seasonal plates built on produce from local organic farms, and a list of biodynamic and natural wines. It is a relaxed stop for lunch, an early dinner, or oysters and a glass of wine, and it has hosted live music events.",Fresh oysters; coastal cuisine with Southern influence; natural and biodynamic wines; avocado toast; local organic produce,Co-owners Romney Steele and Steven Day,2014,https://thecookandherfarmer.com/,,Mon 11am-4pm; Tue-Thu 11am-8pm; Fri-Sat 10am-8pm; closed Sun (per Swan's Market),Open,,https://www.google.com/maps/place/?q=place_id:ChIJM1mnOreAj4ARD9XM0bAUOuM,"Soft-opened May 2014 (East Bay Express). Source spells it 'Tamales Bay'; the correct name is Tomales Bay. Yelp listing updated Sept 2026, so it appears open. Instagram not verified.",https://mainstreetlaunch.org/project/the-cook-and-her-farmer/; https://swansmarket.com/tenant/the-cook-and-her-farmer/; https://www.eastbayexpress.com/WhatTheFork/archives/2014/05/15/the-cook-and-her-farmer-softly-opens-tomorrow; https://www.tablehopper.com/chatterbox/now-open-in-old-oakland-the-cook-and-her-farmer/; https://www.yelp.com/biz/the-cook-and-her-farmer-oakland-2
The Fat Lady Bar & Restaurant,Old Oakland/Jack London,American Bar,"201 Washington St, Oakland, CA",510-465-4996,$$,"The Fat Lady has poured drinks near Jack London Square since May 1970, when Louis Shaterian set out to bring a little bit of San Francisco to Oakland. It occupies an 1862 building that local lore says once housed a brothel. Inside are a cross-cut oak back bar, warm amber lighting, and beveled glass doors with Art Nouveau brass handles, and a covered, heated patio sits out back. Patricia Shaterian-Rossi and Jerry Rossi have run the restaurant since 1980, and the family is now in its third generation there. The American menu covers the Fat Lady burger with onion strings, flat iron steak with bordelaise, ribeye, seafood linguini, and salmon, and the happy hour is well known. Reservations are available.",Fat Lady burger with onion strings; flat iron steak with bordelaise; ribeye; seafood linguini; historic oak back bar; happy hour; heated patio,Founded by Louis Shaterian; run since 1980 by Patricia Shaterian-Rossi and Jerry Rossi,1970,https://thefatladyrestaurant.com/,@thefatladyoakland,Tue-Thu 11:30am-9:30pm; Fri 11:30am-11pm; Sat 5pm-11pm; closed Sun-Mon (per official site),Open,,https://www.google.com/maps/place/?q=place_id:ChIJFbAoCLiAj4AR5PvBifjo6vg,"Opened May 14, 1970. The brothel history is described by the restaurant as lore/urban legend. Reservations via Tock/OpenTable.",https://thefatladyrestaurant.com/about; https://thefatladyrestaurant.com/; https://www.exploretock.com/the-fat-lady-restaurant-bar-oakland; https://jacklondonoakland.org/go/the-fat-lady-bar-and-restaurant
The Hatch Oakland,Downtown Oakland,Bar,"402 15th St, Oakland, CA",,$,"The Hatch is a downtown Oakland bar and gastropub on 15th Street, founded in 2014 by Pancho Kachingwe to serve the neighborhood's growing community. Kachingwe started out cooking, bartending, and cleaning by himself, and the business grew quickly enough to triple its capacity with help from a small-business loan. The Hatch describes itself as a place for cocktails and late-night food, and it stays open until 2 a.m. on weekends. Its founder sees it as a community space first and has opened it to nonprofits and local events. EatOkra lists it as Black-owned. It is a laid-back option for after-work drinks, a late bite, or a night out downtown.",Craft cocktails; late-night food; gastropub menu; community events,Founder/owner Pancho Kachingwe,2014,https://thehatchoak.com/,@thehatchoak,Tue-Wed 4pm-11:30pm; Thu 4pm-1am; Fri-Sat 4pm-2am; closed Sun-Mon (per EatOkra; verify),Open,Thin details: founding story from a single source; no menu specifics,https://www.google.com/maps/place/?q=place_id:ChIJ0zyllbOAj4ARjauNbYpBfCU,"Founding details from a CAMEO/Working Solutions success story, which is undated (growth described through 2016). No recent press found; Yelp listing updated Aug 2026, which suggests it is still operating. Specific menu items were not verified.",https://cameonetwork.org/success-story/men-success-story/pancho-kachingwe-the-hatch/; https://www.eatokra.com/businesses/the-hatch-oakland; https://www.instagram.com/thehatchoak/; https://www.yelp.com/biz/the-hatch-oakland-oakland; https://www.visitoakland.com/listing/the-hatch/5777/
The Monk's Kettle,Rockridge,Gastropub,"5484 College Ave, Oakland, CA",415-865-9523,$$,"The Monk's Kettle spent more than sixteen years as a Mission District craft-beer destination before founders Christian Albertson and Nat Cutler moved it across the bay to Rockridge in fall 2024. The College Avenue home, formerly Citron, has a long bar, a dining room and an outdoor deck. The draft and bottle list leans toward Belgian and European styles, with a strong sour selection, and the kitchen serves substantial gastropub plates: the house-ground Monk's Burger with onion jam and gruyere, steak frites, a crisp bricked chicken thigh with gochujang slaw, and a miso-glazed lamb shank at dinner. It is open daily from lunch through late night, with a kids' menu and private event bookings.",Monk's Burger; steak frites; bricked chicken with gochujang slaw; lamb shank (dinner); Belgian and sour beer list,Founders/owners Christian Albertson and Nat Cutler,2024 (Oakland); original SF location opened Dec 2007,https://oakland.monkskettle.com/,@monkskettle,"Daily 11:30am-12am (lunch until 4pm, dinner 4-10pm, late night 10pm-close)",Open,,https://www.google.com/maps/place/?q=place_id:ChIJwXDyKgB9hYARaEuwYGwEkYY,"Relocated from 3141 16th St, San Francisco (closed early summer 2024) into the former Citron space. There is also a San Rafael (Terra Linda) location, so match to the Oakland page. The listed phone is a 415 number, (415) 865-9523. OpenTable Diners' Choice 2026 per its site. The press page mentions brunch items (mochi pancakes, Dutch baby), but no current brunch menu was confirmed for Oakland.",https://oakland.monkskettle.com/; https://oakland.monkskettle.com/oakland-rockridge-the-monk-s-kettle-oakland-press; https://oakland.monkskettle.com/oakland-rockridge-the-monk-s-kettle-oakland-food-menu; https://whatnow.com/san-francisco/restaurants/the-monks-kettle-is-relocating-to-oaklands-rockridge-neighborhood/
The Saap Avenue,Piedmont Ave,Thai,"4395 Piedmont Ave, Oakland, CA",510-361-6498,,"The Saap Avenue is a family-run Lao restaurant on Piedmont Avenue. Thomas Manyvong opened it in September 2017, with his mother Julie leading the kitchen. The family also runs the Chai Thai Noodles restaurants. It opened as Chai Thai Bar, but within a week it was renamed for its real focus, since saap means delicious in Lao. The menu is built for sharing: Lao papaya salad with padaek, crispy wings with jeow dipping sauce, catfish steamed in banana leaf, fried quail, noodle dishes and curries, plus handcrafted cocktails. Dinner is served nightly with a daily early-evening happy hour, and the restaurant offers reservations, takeout, delivery and catering.",Lao papaya salad with padaek; crispy wings with jeow; ho mok pla (catfish in banana leaf); fried quail; spicy fish salad; happy hour 4-7pm,"Owner Thomas Manyvong; executive chef Julie (his mother), with Vatanachai Sangchai",2017,https://thesaapavenue.com/,,Sun-Thu 4-9:30pm; Fri-Sat 4-10pm; happy hour daily 4-7pm,Open,Lao (list said Thai),https://www.google.com/maps/place/?q=place_id:ChIJg8Gi5fN9hYARxNQpDTneKes,"CUISINE MISLABEL: the directory lists this as Thai, but the restaurant describes itself as Lao/Laotian (Yelp also categorizes it as Laotian). Suggest changing the cuisine to Lao. The space formerly housed Adesso. The staff and chef details come from a 2018 review and may have changed. Instagram handle not verified.",https://thesaapavenue.com/; https://themonthly.com/restaurantreview1801/; https://www.yelp.com/biz/the-saap-avenue-oakland-4
The Salty Pearl,Jack London,Oyster Bar,"550 2nd St, Oakland, CA",,$$$,"The Salty Pearl is a small oyster bar near the water in Jack London Square. Owner Danny Pirello opened it in January 2024 after his earlier restaurant, Rocky Island Oyster Co., lost its home on the Richmond waterfront. The menu centers on freshly shucked oysters from the East and West Coasts, alongside Italian-style crudo, shrimp cocktail, clams casino and a few heartier plates, all paired with a curated wine list. Pirello pictured it as a cozier, date-night version of his Richmond spot. A standing promotion adds a dozen dollar oysters with a bottle of wine on select days. Reservations are taken through OpenTable, and walk-ins are welcome.",East and West Coast oysters; fish crudo; clams casino; shrimp cocktail; $1-oyster dozen with bottle of wine (select days),Owner Danny Pirello (Rocky Island Oyster Co.),2024,https://www.saltypearl.us/,@thesalty_pearl,"Thu-Mon; weekdays 5-9pm, weekends 12-9pm (per official site)",Open,,https://www.google.com/maps/place/?q=place_id:ChIJLYtyl7WBj4ARMZ0p0y5p8Ig,The restaurant has no phone line; contact is danny@saltypearl.us. Hours have shifted since opening (Jan 2024 hours were Thu-Sat only). The menu may have changed since the 2024 KQED coverage.,https://www.saltypearl.us/; https://www.kqed.org/arts/13940501/oysters-oakland-rocky-island-salty-pearl-jack-london; https://eastbayexpress.com/the-salty-pearl-sells-seafood-by-the-seashore/
The Saucy Hut,Fruitvale,Seafood Rolls/Southern,"3409 Fruitvale Ave, Oakland, CA",510-938-5333,$$,"The Saucy Hut began as a food truck and opened its first brick-and-mortar restaurant on Fruitvale Avenue in early 2025, in the space once occupied by La Perla. The menu is short, generous and built around its signature Saucy Sauce. It is best known for egg rolls, including cheesesteak and crab-and-shrimp versions, along with loaded fries, steak rice bowls, steak hoagies and lemon pepper wings. For groups, the Saucy Box combo bundles several favorites. It is a casual counter-style spot for takeout or a quick meal, and online ordering and delivery are available for anyone eating at home.",Cheesesteak egg rolls; crab and shrimp egg rolls; loaded steak and shrimp fries; steak rice bowl; garlic lemon pepper wings; Saucy Box combo,,2025 (brick-and-mortar),https://toast.app/r/the-saucy-hut-3409-fruitvale-avenue/order,@thesaucyhut,Tue-Thu 12-8pm; Fri-Sat 12-10pm; Sun 12-8pm; closed Mon (per Toast ordering page),Open,Thin details: owner not found; likely Dimond District rather than Fruitvale,https://www.google.com/maps/place/?q=place_id:ChIJwUbcFQCHj4AREviHVz6jk5Q,"The Infatuation places 3409 Fruitvale Ave in the Dimond District rather than Fruitvale. Also check the cuisine label: the menu is egg rolls, fries, hoagies and wings (Americana/street food), and 'Southern' is not clearly supported. There is a separate Saucy Hut food truck listing (2244 Lakeshore Ave / 73rd Ave) that Yelp marks TEMP. CLOSED, so don't confuse it with this location. The Fruitvale Ave location was accepting online orders at research time. Owner name not found. No standalone website found (Toast ordering page used).",https://richmondside.org/2025/03/18/restaurant-opening-bebes-itani-marugame-saucy-hut/; https://www.theinfatuation.com/san-francisco/reviews/the-saucy-hut; https://toast.app/r/the-saucy-hut-3409-fruitvale-avenue/order; https://www.instagram.com/thesaucyhut/; https://www.yelp.com/biz/the-saucy-hut-oakland-5
The Wolf,Piedmont Ave,Californian,"3853 Piedmont Ave, Oakland, CA",510-879-7953,$$$,"The Wolf occupies the Craftsman house on Piedmont Avenue that was home to Bay Wolf, Michael Wild's farm-to-table pioneer, from 1975 until 2015. Rich and Rebekah Wood, the couple behind Wood Tavern and Southie, took over and renovated the space and reopened it in 2017. The kitchen is led by executive chef Yang Peng. Seasonal French-Californian cooking is inspired by Oakland's many cultures, and wines are offered by the glass or bottle. A mural by local artist Steven Anderson decorates the building, and there is terrace dining and private event space. It serves weekday lunch and nightly dinner, and the bar stays open between services.",Seasonal French-Californian menu; Brussels sprouts; wine by the glass and bottle; terrace dining; private dining,Owners Rich and Rebekah Wood; executive chef Yang Peng,2017,https://www.thewolfoakland.com/,,"Lunch Mon-Fri 11:30am-2:30pm; dinner Sun-Wed 5-9pm, Thu-Sat 5-10pm; bar Mon-Fri from 11:30am, Sat-Sun from 4pm (per OpenTable)",Open,,https://www.google.com/maps/place/?q=place_id:ChIJZ4ORM_h9hYAR3lsgp6w15rQ,The owners said in July 2026 that The Wolf will stay open after their Wood Tavern closes at the end of 2026. Hours come from OpenTable and were not confirmed on the official site. The chef was named in 2015 coverage and confirmed on the current OpenTable page. Instagram handle not verified.,https://www.thewolfoakland.com/; https://www.opentable.com/r/the-wolf-oakland; https://www.berkeleyside.org/2015/10/27/wood-tavern-owners-taking-over-bay-wolf-space; https://hoodline.com/2026/07/rockridge-reels-as-wood-tavern-prepares-to-call-it-quits-after-20-years/
To The Moon,Temescal,Korean (Late-night),"4390 Telegraph Ave A, Oakland, CA",510-907-3182,$$,"To The Moon is a Korean restaurant on Telegraph Avenue in Temescal, open until 2am and a favorite for a late meal. The menu mixes Korean bar snacks with heartier comfort dishes: crispy Korean fried wings, bubbling corn cheese, tteokbokki, seafood pancake, spicy stir-fried pork and green onion pork belly, plus hot pots, ramen, bibimbap, beef noodle soup and short rib soup. Many dishes follow a simple tiered pricing scheme. The freshly renovated room is relaxed and low-key, which suits groups sharing plates after a night out. Takeout and delivery are also available.",Korean fried wings; corn cheese; tteokbokki; seafood pancake; spicy stir-fried pork; short rib soup; hot pot; open until 2am,,2025 (likely; see notes),https://tothemoon0301.com/,@tothemoon0301,Nightly approx. 6pm-2am (per Wanderlog; verify),Open,Thin details: owner not found; opening date and hours unconfirmed,https://www.google.com/maps/place/?q=place_id:ChIJX03GUAZ9hYAR7Ph-6lAjef4,"Opening year is inferred from an Oaklandside roundup of March 2025 openings (published Apr 7, 2025) headlined 'Late-night Korean bistro...'. The article could not be fetched, so the match to this restaurant is likely but unconfirmed. Owner and chef not found. Hours come from an aggregator (Wanderlog) and appear garbled there; confirm directly. The website URL is listed on Wanderlog and was not independently loaded. Suite A, 4390 Telegraph Ave. The $9.99/$14.99/$19.99 price tiers are from Wanderlog and are not stated in the description.",https://oaklandside.org/2025/04/07/crazy-block-cheesecakes-saucy-hut-kitava-restaurant-openings/; https://wanderlog.com/place/details/14573063/to-the-moon; https://www.instagram.com/tothemoon0301/; https://www.yelp.com/biz/to-the-moon-oakland-2
Town Fare by Chef Michele McQueen,Downtown Oakland (Museum),Chicken & Waffles,"1000 Oak St, Oakland, CA",510-318-8570,$$,"Town Fare is the cafe inside the Oakland Museum of California. Oakland native Michele McQueen has run it since July 2022, when she took over from Tanya Holland. McQueen studied business at Howard University and made her name with fried chicken and sweet potato waffles at Gussie's Chicken and Waffles in San Francisco. She has also appeared on several Food Network shows. Her menu mixes Southern roots with Oakland's many cultures. Alongside the signature chicken and waffles with house-made syrup, it offers mac and cheese, a smash burger, gumbo ramen, fried chicken bao and a collard green salad. The bright, glass-walled cafe serves lunch, a Sunday brunch, cocktails and local beer, and also caters.",Fried chicken and sweet potato waffles with house syrup; mac and cheese; gumbo ramen; fried chicken bao; smash burger; collard green salad,Chef/operator Michele McQueen,"2022 (McQueen's Town Fare reopened July 13, 2022)",https://townfarecafe.com/,@town_fare,Wed-Sat 11am-5pm; Sun 11am-4pm (brunch),Open,,https://www.google.com/maps/place/?q=place_id:ChIJ8_AlIjWHj4ARdL-b2fIBMzQ,"The Town Fare name existed at OMCA before McQueen, under Tanya Holland, who left in Jan 2022. McQueen also opened a separate bar and kitchen, Lucy Blue, at 468 19th St (planned for late Aug 2025); don't conflate the two. The site also mentions evening happy hour at 'Muse' on the museum rooftop, which was not verified as current. Hours align with museum hours.",https://townfarecafe.com/oakland-town-fare-museum; https://townfarecafe.com/oakland-town-fare-about; https://townfarecafe.com/meet-the-chef/; https://www.sfgate.com/food/article/town-fare-cafe-reopens-17300369.php; https://edibleeastbay.com/2025/08/15/old-school-meets-new-school-at-chef-michele-mcqueens-town-fare/; https://www.instagram.com/town_fare/
Twinflame,Piedmont Ave,Korean-Japanese Robata,"230 W MacArthur Blvd, Oakland, CA",,$$,"Twinflame is a Korean-Japanese restaurant on the ground floor of the One Piedmont building on West MacArthur Boulevard, near the foot of Piedmont Avenue. The room is modern and industrial, and counter seating wraps around two charcoal robata grills, so diners watch the cooking up close. The short menu is built around Japanese-style hamburg steak charred over charcoal and served as a set with rice and miso soup. Grilled tofu and Korean dishes, soups and noodles round it out. A small bar pours Japanese whisky highballs, wine and beer. It is open for dinner Wednesday through Sunday, with reservations released two weeks ahead and a limited number of walk-in seats.",Charcoal-grilled hamburg steak set (A5 wagyu mentioned in press) with rice and miso soup; grilled tofu; Japanese whisky highballs; robata counter seating,,,https://www.twinflamerobata.com/,@twinflame.oakland,"Wed, Thu, Sun 5-9pm (last seating 8:15pm); Fri-Sat 5-10pm (last seating 9:15pm); closed Mon-Tue",Open,Opened recently (2026); owner and opening date not found,https://www.google.com/maps/place/?q=place_id:ChIJsSx7rS19hYARqUCSJxqIfbQ,"Recently opened: it appeared in an Oaklandside new-openings roundup dated Jul 7, 2026, and a Culinary Agents profile was marked 'Opening Soon'. Exact opening date not confirmed (likely 2025-2026). The owner and chef were not identified. A Glassdoor line-cook listing ties a 'Seven Twenty Hospitality' to the restaurant, but that is unconfirmed, so it is not used. Card only, no cash (per OpenTable). Phone (510) 681-2461. The address is W MacArthur Blvd, adjacent to Piedmont Ave.",https://www.twinflamerobata.com/; https://www.twinflamerobata.com/location/twinflame/; https://www.opentable.com/r/twinflame-oakland; https://eastbae.substack.com/p/newish-and-notable; https://oaklandside.org/2026/07/07/bahn-mi-bar-skula-bolos-bites-malaya-tea-twin-flame/; https://culinaryagents.com/entities/1057951-Twinflame-Robata
Understory Oakland,Fruitvale,Filipino,"3340 International Blvd, Oakland, CA",510-315-3763,$$,"Understory is a worker-owned, queer- and POC-owned restaurant collective. Lily Fahsi-Haskell, Jenabi Pareja, Nino Serrano and Florencio Esquivel founded it in 2020 to support restaurant workers of color during the pandemic. The collective won a James Beard Foundation leadership award for its model. After closing its Old Oakland location in June 2024, it reopened in spring 2025 in a larger space on International Boulevard in Fruitvale, with room for community events and a small art gallery. The Filipino-rooted menu includes favorites such as fried oyster mushrooms, vegan and gluten-free ube waffles, and a caramelized papaya burger. It serves cafe hours on weekdays, dinner midweek and weekend brunch, and no one is turned away for lack of funds.",Ube waffles (vegan/GF); fried oyster mushrooms; caramelized papaya burger; weekend brunch; pay-what-you-can policy,"Worker-owned collective; founders Lily Fahsi-Haskell, Jenabi Pareja, Nino Serrano, Florencio Esquivel",2020 (original); reopened in Fruitvale 2025,https://understoryoakland.com/,,Cafe Tue-Fri 9am-2pm; dinner Wed-Fri 5-9pm; brunch Sat-Sun 11am-3pm (as of 2025 reopening coverage),Open,,https://www.google.com/maps/place/?q=place_id:ChIJ7Yr6RreAj4ARYm2T5AVLeso,"The official homepage appears stale: it still shows the 2024 'temporarily closed, seeking new space' message, so don't rely on it for hours. The James Beard award is described as its 'emerging leadership' award (SF Chronicle); year not confirmed from the fetched text (likely 2022). The previous address was 528 Eighth St. Hours come from the 2025 East Bay Express article and should be verified. Instagram not verified.",https://understoryoakland.com/about; https://eastbayexpress.com/understory-reopens-in-fruitvale/; https://oaklandside.org/2025/05/07/understory-reopening-fruitvale/; https://www.sfchronicle.com/food/article/understory-bay-area-radical-restaurant-17314790.php; https://understoryoakland.com/
Wahpepah's Kitchen,Fruitvale,Indigenous,"3301 E 12th St #133, Oakland, CA",510-698-4067,$$,"Wahpepah's Kitchen is an Indigenous restaurant in Fruitvale Village, steps from the Fruitvale BART station. Chef Crystal Wahpepah, an enrolled member of the Kickapoo Nation who grew up in East Oakland, opened it in November 2021 after more than a decade running a Native catering company. She was the first Native American chef to compete on Food Network's Chopped and is a James Beard Emerging Chef finalist. Her seasonal menu draws on intertribal traditions and Indigenous sources, with dishes such as wild rice cakes, blue corn waffles with turkey wing and berry compote, three-bean bison chili and hominy with squash. Murals by Native artists fill the space, and her cookbook, A Feather and a Fork, was published in 2026.",Wild rice cakes/fritters; blue corn waffles with fried turkey wing and berry compote; three-bean bison chili; bison roast with chokecherry rub; ancient grain porridge; hominy with seasonal squash,Chef/owner Crystal Wahpepah (Kickapoo),2021,https://wahpepahskitchen.com/,@wahpepahskitchen,Wed-Sun 11am-2pm; closed Mon-Tue (per Visit Oakland; verify),Open,,https://www.google.com/maps/place/?q=place_id:ChIJgz-ZtEuHj4ARRQzS1cP5JgY,"Active as of 2026 per a Civil Eats feature (Mar 2026) and cookbook coverage; the cookbook came out Mar 17, 2026. The James Beard status is reported as 'Emerging Chef finalist' (Civil Eats); confirm the exact year before citing it prominently. The hours are lunch-only per Visit Oakland, which conflicts with Visit Oakland's own mention of lunch and dinner, so verify. Suite #133 at 3301 E 12th St. Phone (510) 698-4067.",https://abc7news.com/post/chef-crystal-wahpepah-open-kitchen-native-american-cuisine-indigenous-food/11230086/; https://civileats.com/2026/03/02/kickapoo-chef-crystal-wahpepah-showcases-oaklands-native-american-side/; https://www.visitoakland.com/listing/wahpepahs-kitchen/6150/; https://www.chefcrystalwahpepah.com/new-page; https://oaklandside.org/2026/03/18/crystal-wahpepah-cookbook-feather-fork/
Willows & Pine,Fruitvale,Soul Food/Louisiana,"3525 Fruitvale Ave, Oakland, CA",510-842-3564,$$,"Willows & Pine is a Louisiana-style soul food restaurant that Michauxnee Olier opened on Fruitvale Avenue in October 2023. It draws on four generations of family history. Olier's great-grandparents came to Oakland from Shreveport and ran The Barn, a West Oakland soul food spot that drew touring performers in the 1950s before redevelopment displaced the neighborhood. Today the kitchen cooks everything to order: shrimp and crawfish chowder, etouffee, jambalaya with shrimp, chicken and sausage, braised oxtails, short ribs and mac and cheese. The family motto, 'real love, no charge,' shapes the hospitality. The restaurant serves daytime and dinner hours Wednesday through Sunday and caters events.",Shrimp and crawfish chowder; shrimp or chicken etouffee; jambalaya; braised oxtails with grits; housemade biscuits; catering,Owner Michauxnee Olier,2023,https://willowsandpine-restaurant.com/,@willowsandpine.restaurant,Wed-Sun 11am-3pm and 5-9pm (per official site),Open,Neighborhood likely Dimond District,https://www.google.com/maps/place/?q=place_id:ChIJAyDVoRmHj4ARifkawXSd7v0,"Its own website places it in the Dimond District; the directory lists Fruitvale. Hours have changed since opening (2023 coverage had weekday dinner only plus weekend brunch). The spelling 'Michauxnee' follows the site's email (Oaklandside writes 'Michauxnée'). Phone (510) 842-3564. The description quotes the family motto, not a review.",https://oaklandside.org/2023/11/13/willows-pine-michauxnee-olier-the-barn-oakland/; https://willowsandpine-restaurant.com/; https://eastbayexpress.com/willows-pine-honors-oakland-family-history/
Wood Tavern,Rockridge,New American,"6317 College Ave, Oakland, CA",510-654-6607,$$$,"Wood Tavern has been a neighborhood gathering place on College Avenue in Rockridge for two decades. Rich and Rebekah Wood, who previously worked at Rubicon and Farallon in San Francisco, opened the roughly 50-seat brasserie to serve polished California-American cooking in a warm, bustling room where regulars celebrate birthdays and anniversaries. The butcher-block charcuterie, including pork rillettes seasoned with Aleppo pepper, sumac and lime, has drawn Michelin Guide attention. The couple also runs Southie, the sandwich shop next door, and The Wolf on Piedmont Avenue. They have announced that Wood Tavern will close at the end of 2026 when its lease runs out, so there is limited time left to visit.","Butcher-block charcuterie; pork rillettes with Aleppo pepper, sumac and lime; California-American brasserie fare; Michelin Guide listed",Owners Rich and Rebekah Wood,2007 (conflicting: KTVU says 2006),,,,Open,Announced closing at end of 2026 (lease ends Dec 31),https://www.google.com/maps/place/?q=place_id:ChIJd-5k--h9hYARvAzf0IPfwW0,"CLOSING SOON: the owners announced in July 2026 that Wood Tavern will close at the end of 2026 (New Year's Eve per KTVU) when the lease expires, citing costs, staffing and the lease terms. It was still open at research time (Sept 2026). Plan to switch the status to closed after Dec 31, 2026, or remove the listing. Southie (next door) and The Wolf remain open. Opening year conflict: Berkeleyside and Hoodline say 2007, KTVU says 2006. Official website, Instagram and hours were not verified.",https://hoodline.com/2026/07/rockridge-reels-as-wood-tavern-prepares-to-call-it-quits-after-20-years/; https://www.ktvu.com/news/wood-tavern-beloved-neighborhood-restaurant-oakland-fixture-close-its-doors-after-20-years; https://www.sfchronicle.com/food/restaurants/article/wood-tavern-oakland-restaurant-22352663.php; https://www.berkeleyside.org/2015/10/27/wood-tavern-owners-taking-over-bay-wolf-space; https://www.opentable.com/wood-tavern; https://guide.michelin.com/ch/de/california/oakland/restaurant/wood-tavern
Yellow Door,Montclair,Cafe/Bakery,"6466 Moraga Ave, Oakland, CA",,$$,"Yellow Door is a neighborhood cafe in Montclair, easy to spot by the bright yellow door that gives it its name. Longtime friends Beth Barrett and Virginia Davis opened it in 2020 because they wanted a gathering place in the village they loved, pairing good coffee with baked goods made from scratch. The pastry case holds scones, muffins, coffee cakes and cookies, and the cafe has become a regular morning stop for locals and visitors to the hills. It keeps morning and early-afternoon hours Wednesday through Sunday and suits an unhurried coffee and treat or a quick stop on the way up Moraga Avenue.",From-scratch scones; muffins; coffee cakes; cookies; coffee,Owners Beth Barrett and Virginia Davis,2020,https://yellowdoormontclair.com/,@yellowdoormontclair,Wed-Sun 8am-2pm; closed Mon-Tue,Open,,https://www.google.com/maps/place/?q=place_id:ChIJPS5udOWHj4ARu9yka76jV-A,"The About page says 'three years', so it was written around 2023. Hours come from the official site and were not independently confirmed for Sept 2026.",https://yellowdoormontclair.com/about; https://www.visitoakland.com/listing/yellow-door/7888/; https://www.yelp.com/biz/yellow-door-oakland
